ID,BIRTHDATE,DEATHDATE,SSN,DRIVERS,PASSPORT,PREFIX,FIRST,LAST,SUFFIX,MAIDEN,MARITAL,RACE,ETHNICITY,GENDER,BIRTHPLACE,ADDRESS,,,,,,,,,,,,,,,,
33f33990-ae8b-4be8-938f-e47ad473abfe,05/04/1995,36d131ee-dd5b-4acb-acbe-19961c32c099,18/05/1997,,,999-84-9382999-69-7030,S99923464,FALSE,Mr.,Nash950,Raynor678,,,,white,italian,M,Boston MA US,,S99943248,X93787069X,Mr.,Jennings258,Mertz249,,,,white,polish,M,Danvers MA US,526 Herzog Parkways Eastham MA 02642 US
64066 Johns Bridge Suite 317 Eastham MA 02642 US,,,,,,,,,,,,,,,,,,,,,,,,,,,,,,,,
660bec03-9e58-47f2-98b9-2f1c564f3838,26/07/1996,,999-70-3315,S99945940,FALSE,Ms.,Geovany567,Reichert456,,,,white,irish,F,Fitchburg MA US,20810 Bart Inlet Eastham MA 02642 US,,,,,,,,,,,,,,,,
5125d2b2-3aef-4ae2-aa5c-335f7e206b92,24/09/1996,,999-89-6289,S99991246,FALSE,Ms.,Tianna156,Kuphal267,,,,white,french_canadian,F,Westborough MA US,295 Walter Mill Dennis MA 02638 US,,,,,,,,,,,,,,,,
26626faf-cbd5-48d5-a3bf-a7b21ae08e4b,01/09/1944,04/09/2015,999-79-2204,S99913823,X19963891X,Mr.,Ryleigh341,Mraz432,,,M,white,irish,M,Fall River MA US,23401 Gerhold Fords Eastham MA 02642 US,,,,,,,,,,,,,,,,
f509a0f0-77ef-477f-977d-e2784a241b52,14/05/1964,11/07/2010,999-70-3377,S99930834,FALSE,Mrs.,Amparo640,Bergstrom813,,Green619,M,white,french,F,Cambridge MA US,55368 Suzanne Viaduct Barnstable MA 02630 US,,,,,,,,,,,,,,,,
4c763cac-b1df-4bcc-b89c-834942c4d3d6,05/03/1946,10/01/1967,999-52-5432,S99989461,FALSE,Ms.,Demarco886,Osinski65,,,,white,irish,F,Framingham MA US,63493 Madison Streets Suite 556 Eastham MA 02642 US,,,,,,,,,,,,,,,,
8be2ce98-4bdd-4f50-b119-0e83811fc73a,23/09/1933,23/12/1979,999-49-5173,S99929827,FALSE,Mrs.,Esperanza597,Koss397,,Stamm279,M,white,english,F,Watertown Town MA US,818 Abshire Crescent Apt. 229 Eastham MA 02642 US,,,,,,,,,,,,,,,,
eed62b4a-1099-47ec-a2ac-d953830b44d6,05/08/1965,,999-93-3738,S99976729,FALSE,Mr.,Dejah800,Towne582,,,M,hispanic,central_american,M,Shrewsbury MA US,626 Mitchell Prairie Suite 301 Brewster MA 02631 US,,,,,,,,,,,,,,,,
6e9f8b3e-5a21-401e-868d-2d62e0e7f452,03/11/1979,,999-93-5171,S99927177,X29737332X,Mrs.,Dovie975,Ritchie555,,Hirthe52,M,white,irish,F,Wilmington MA US,603 Mathilde Skyway Barnstable MA 02630 US,,,,,,,,,,,,,,,,
7fcadc56-5964-418c-9e15-889c62f5df0b,18/03/1972,,999-63-2584,S99911708,X38681918X,Mr.,Linda454,Strosin15,,,M,white,scottish,M,Reading MA US,41045 Joyce Rapids Eastham MA 02642 US,,,,,,,,,,,,,,,,
27deaf6b-21a5-4622-9db3-b4c754c4002d,24/12/1965,,999-12-2818,S99964787,X53358555X,Mrs.,Tillman389,Buckridge255,,Haley553,M,white,portuguese,F,Charlemont MA US,4516 Rohan Rue Dennis MA 02638 US,,,,,,,,,,,,,,,,
3235f125-eadc-47a4-a639-fa764dcb803c,14/08/1975,,999-41-5472,S99948344,X64257970X,Mr.,Miracle782,Cassin602,,,M,white,irish,M,Chelsea MA US,89739 Veum Corner Apt. 874 Eastham MA 02642 US,,,,,,,,,,,,,,,,
8e7dc04c-6c23-4d3c-8e4a-4e9996c9f299,02/08/1946,26/01/2002,999-46-5989,S99927425,X82875644X,Mr.,Lorena274,Simonis652,,,M,white,english,M,Newton MA US,66970 Hoeger View Suite 349 Eastham MA 02642 US,,,,,,,,,,,,,,,,
30a43f2a-351b-4647-a7cf-69d39b17b5ca,14/03/1999,,999-13-4980,S99971989,,Ms.,Armando449,Champlin352,,,,white,italian,F,Fitchburg MA US,998 Hodkiewicz Springs Apt. 608 Eastham MA 02642 US,,,,,,,,,,,,,,,,
d8de9d90-3a96-4ee5-a750-d406ee10e18a,04/11/2006,,999-57-1911,,,,Brandi317,Anderson350,,,,white,italian,M,Weymouth Town MA US,9193 Lueilwitz Shoals Apt. 635 Dennis MA 02638 US,,,,,,,,,,,,,,,,
4a3f4ce1-5396-49b4-8e52-78ed3923d838,27/03/1943,,999-60-1020,S99991425,FALSE,Mrs.,Aditya420,Hilll641,,Wunsch254,M,white,irish,F,Milford MA US,94762 Toni Green Apt. 311 Chatham MA 02633 US,,,,,,,,,,,,,,,,
8fb96675-9205-4334-96fc-ea4a1158252e,26/05/1968,,999-68-5362,S99919231,FALSE,Mrs.,Chelsie721,Kirlin77,,Yost319,M,white,irish,F,Southbridge Town MA US,3088 Lacey Stravenue Brewster MA 02631 US,,,,,,,,,,,,,,,,
755cdf65-0d6d-4d54-8f2a-b03df82d0d40,18/04/1956,,999-94-6462,S99925013,X91170615X,Ms.,Ludie595,Wiza76,,,S,white,american,F,Worcester MA US,248 Parker Trail Apt. 124 Eastham MA 02642 US,,,,,,,,,,,,,,,,
890e6d44-0799-4a3c-8d9b-0d79166af66e,19/01/1947,11/08/2002,999-23-9768,S99979797,FALSE,Mr.,Leopoldo57,Ullrich303,,,M,white,irish,M,Watertown Town MA US,36545 Bette Parkway Bourne MA 02559 US,,,,,,,,,,,,,,,,
a9ab78d8-9615-4cb6-8659-0576137640b4,30/10/1964,,999-67-8011,S99957266,X44766526X,Mr.,Merle702,Emard123,,,M,white,french,M,Lynn MA US,426 O'Reilly Cove Apt. 955 Eastham MA 02642 US,,,,,,,,,,,,,,,,
946ece55-1dd0-4b15-9532-55b9e59f1f91,20/06/1952,20/01/2017,999-19-5063,S99957228,X66081819X,Mrs.,Leonel845,Mayer574,,Nienow887,M,white,polish,F,Waltham MA US,9688 Sigrid Mills Eastham MA 02642 US,,,,,,,,,,,,,,,,
37035f78-d20d-4ba9-a8f3-2e5f9098d395,14/05/1966,13/08/1988,999-64-2871,S99963834,FALSE,Ms.,Lewis608,Ullrich303,,,,white,irish,F,Worcester MA US,170 Armstrong Vista Apt. 727 Chatham MA 02633 US,,,,,,,,,,,,,,,,
5c636b19-8730-4f6f-b178-5d67c03cb234,04/04/1965,,999-21-1789,S99999803,X81705377X,Ms.,Jarrell667,O'Kon648,,,S,white,french,F,Attleboro MA US,1389 Leone Falls Apt. 447 Eastham MA 02642 US,,,,,,,,,,,,,,,,
121fefcc-167d-4dd1-919c-0563b96354e6,04/03/1964,,999-95-1719,S99978822,FALSE,Mr.,Doyle678,Walter251,,,M,white,french,M,Somerset MA US,9194 Yundt Fork Eastham MA 02642 US,,,,,,,,,,,,,,,,
6c471486-c22f-4415-9108-859ea24ababa,01/12/1945,24/04/2003,999-43-4907,S99919741,FALSE,Ms.,Johnathon159,Kirlin77,,,S,white,irish,F,Haverhill MA US,4587 Murphy Ports Apt. 196 Eastham MA 02642 US,,,,,,,,,,,,,,,,
2a628f42-a134-429c-8adb-db10d02bd104,12/09/1963,,999-70-4602,S99914103,X22835989X,Mrs.,Mustafa969,Haley553,,Williamson583,M,white,italian,F,Holyoke MA US,372 Lexie Mission Apt. 288 Eastham MA 02642 US,,,,,,,,,,,,,,,,
29c2f206-8def-428d-8568-5d86a4554fde,05/06/1948,,999-54-6657,S99982540,FALSE,Mrs.,Brenden931,Schowalter565,,Dickinson336,M,white,italian,F,Boston MA US,885 Burley Grove Eastham MA 02642 US,,,,,,,,,,,,,,,,
367867a9-9534-42de-a4cd-701155203122,15/11/1946,22/05/2015,999-88-3560,S99953910,FALSE,Mr.,Reina326,Hoppe300,,,M,white,irish,M,Arlington MA US,370 Khalil Forest Bourne MA 02532 US,,,,,,,,,,,,,,,,
bc8becc4-0218-406f-8851-56a6edeebc3d,29/07/1948,,999-33-3818,S99984292,FALSE,Mrs.,Marc617,Roob929,,Beer324,M,white,russian,F,Weymouth Town MA US,320 Jones Manor Eastham MA 02642 US,,,,,,,,,,,,,,,,
4f9c415e-ce3c-4d17-88cc-f33fce7ad69b,27/12/1949,19/09/1950,999-31-6370,,,,Ramiro580,Bosco441,,,,white,italian,M,Eastham MA US,206 Ruecker Fall Suite 786 Eastham MA 02642 US,,,,,,,,,,,,,,,,
48623c54-d77a-4b8b-9eeb-1432de1e5b6f,20/09/1933,18/02/2004,999-67-9820,S99967185,FALSE,Mrs.,Joan776,Harvey961,,Gibson528,M,white,english,F,Harvard MA US,11366 Thomas Station Eastham MA 02642 US,,,,,,,,,,,,,,,,
111230c1-dd22-48bb-a432-52116b69dd55,18/10/1946,30/09/2016,999-58-1799,S99914935,FALSE,Mr.,Derick679,Bednar797,,,M,white,portuguese,M,Orleans MA US,4591 Heaney Lodge Eastham MA 02642 US,,,,,,,,,,,,,,,,
e166a6d2-34e3-4005-abd4-bfdaa9428fbd,12/10/1961,15/03/2016,999-84-1414,S99911376,FALSE,Mrs.,Vaughn996,Zieme669,,Gusikowski964,M,white,english,F,Waltham MA US,18815 Kihn Turnpike Eastham MA 02642 US,,,,,,,,,,,,,,,,
dec443fd-b733-4437-9587-69f1f7495398,28/11/1949,19/04/2010,999-38-8176,S99941834,X76777639X,Mr.,Hannah875,Hoppe300,,,M,white,italian,M,Medford MA US,4677 Prosacco Road Apt. 325 Eastham MA 02642 US,,,,,,,,,,,,,,,,
fc3c9158-2a28-49bf-852b-ad71a8fdbac0,27/03/1950,04/06/2012,999-84-2975,S99926405,FALSE,Mr.,Aurelio511,Toy38,,,M,white,italian,M,Boston MA US,9743 McGlynn Spur Eastham MA 02642 US,,,,,,,,,,,,,,,,
b2e7d419-d24d-414d-a85d-61bee78c29f7,12/09/1958,,999-56-9062,S99953539,X24136295X,Mrs.,Ross930,Kuhn706,,Marquardt624,M,white,scottish,F,Worcester MA US,96286 Mathilde Village Eastham MA 02642 US,,,,,,,,,,,,,,,,
c6eefb5b-3330-4f01-96d5-484cf468de32,10/10/1946,21/09/1961,999-58-9145,,,,Celestino266,Marvin851,,,,white,portuguese,M,Holbrook MA US,91864 Rachael Burgs Apt. 780 Eastham MA 02642 US,,,,,,,,,,,,,,,,
25a3de57-c371-438c-9a83-4ba79d5df2a8,09/12/1966,,999-34-1384,S99999572,FALSE,Mrs.,Percival99,Mann540,,Monahan893,M,white,irish,F,Hopkinton MA US,80101 Morar Shoals Suite 780 Eastham MA 02642 US,,,,,,,,,,,,,,,,
683abd1c-43be-4e96-95dd-75059699b89e,21/08/1980,,999-67-8857,S99966511,X42943038X,Mrs.,Percy48,Ferry608,,Treutel576,M,white,french_canadian,F,Ayer MA US,321 Kerluke Walk Dennis MA 02638 US,,,,,,,,,,,,,,,,
ede350e5-0ec6-4527-ae52-b436aa73ec3b,22/12/1944,,999-50-9232,S99971208,FALSE,Mr.,Jayda16,Metz823,,,M,white,irish,M,Methuen Town MA US,8515 Berge Hills Suite 578 Eastham MA 02642 US,,,,,,,,,,,,,,,,
d3f0304c-4a0c-4131-8368-63262e1ee1a8,25/02/1933,14/10/2016,999-75-2425,S99932013,X35887455X,Mrs.,Evert722,Gerhold521,,Ryan407,M,white,irish,F,Wilmington MA US,9872 Pedro Oval Suite 384 Eastham MA 02642 US,,,,,,,,,,,,,,,,
46a690fd-0e49-4e79-a7ea-aaa3d93de82d,02/08/2010,,999-71-4028,,,,Devyn77,Weber322,,,,white,german,M,Medway MA US,8214 Arturo Place Suite 783 Eastham MA 02642 US,,,,,,,,,,,,,,,,
fdcc0376-2b51-4aae-ab01-1f967fd920c8,16/08/1976,,999-24-3781,S99992176,X41388011X,Mr.,Claudine885,Jacobson284,,,M,white,irish,M,Wareham MA US,171 Avery Summit Suite 878 Eastham MA 02642 US,,,,,,,,,,,,,,,,
857e9420-cc4f-4854-b773-261e7e45289f,19/03/1964,,999-50-9004,S99911372,FALSE,Mrs.,Giovanny377,Pollich676,,Bechtelar324,M,white,french,F,Leominster MA US,73874 Josh Green Barnstable MA 02630 US,,,,,,,,,,,,,,,,
a9373433-9505-4f7d-9e9f-a3b2407e8b86,07/09/2013,,999-30-9750,,,,Saige914,Bruen922,,,,white,irish,M,Wellesley MA US,68063 Bosco Crest Eastham MA 02642 US,,,,,,,,,,,,,,,,
e2929825-7fae-4afa-b994-de647715767f,25/04/1962,,999-94-5708,S99984095,FALSE,Ms.,Grover488,Feest50,,,S,white,english,F,Gardner MA US,5292 Amiya Ports Suite 966 Eastham MA 02642 US,,,,,,,,,,,,,,,,
964dc70c-55c4-402a-8f6b-05d0c2d5adc8,07/01/1947,10/01/2012,999-68-5588,S99975381,FALSE,Mr.,Annabel692,Jakubowski657,,,S,white,english,M,Amherst MA US,6566 Mohammad Brook Eastham MA 02642 US,,,,,,,,,,,,,,,,
5f1763ae-6097-42fc-b8fe-fb4f9cc77fb6,01/02/1966,,999-36-5776,S99980572,X90804345X,Mr.,June527,Wolff140,,,S,white,french_canadian,M,Rowley MA US,804 Rice Road Eastham MA 02642 US,,,,,,,,,,,,,,,,
e02adeae-0239-4ab9-aa63-7a966101e8ad,24/06/1965,,999-53-4112,S99987464,FALSE,Mrs.,Lenore321,O'Kon648,,Donnelly502,M,white,irish,F,Newton MA US,20614 Littel Point Apt. 899 Chatham MA 02633 US,,,,,,,,,,,,,,,,
7f9a990b-7585-4681-bd78-3ef5e2b2ebee,05/05/1953,,999-67-8708,S99975929,X49619999X,Mrs.,Jeramy190,Hammes374,,Crona311,M,white,polish,F,Halifax MA US,51637 Chaim Cape Eastham MA 02642 US,,,,,,,,,,,,,,,,
9fc520fc-7eaa-46a9-b253-4f9f8b1867a6,14/09/1996,,999-31-2574,S99938336,FALSE,Ms.,Freeman185,Mante943,,,,white,italian,F,Whitman MA US,1777 Ben Flat Suite 675 Eastham MA 02642 US,,,,,,,,,,,,,,,,
691538c5-4e35-45a2-9646-cdcc50fd241e,26/11/1951,,999-40-2341,S99994884,X15829819X,Mr.,Nellie142,Schulist336,,,M,white,polish,M,Wayland MA US,98767 Christ Throughway Brewster MA 02631 US,,,,,,,,,,,,,,,,
bf31ca5d-9762-4e65-87a1-b0731cd89364,27/10/2006,,999-73-8524,,,,Jayne883,Ryan407,,,,white,irish,F,Wayland MA US,2578 Sadye Ville Suite 431 Eastham MA 02642 US,,,,,,,,,,,,,,,,
f557d7b4-8dac-4d10-9ff8-c53f32e64d63,08/12/2007,,999-24-1926,,,,Richie267,Leannon102,,,,white,italian,M,Boston MA US,487 Jacobson Loop Suite 872 Eastham MA 02642 US,,,,,,,,,,,,,,,,
10a2769c-a205-4a63-a013-75e9a45f4dd9,10/06/2015,,999-59-4006,,,,Devan596,Auer76,,,,white,french,F,Andover MA US,473 Wehner Locks Eastham MA 02642 US,,,,,,,,,,,,,,,,
21078fa3-043b-4ec0-b13b-eb631818ebdd,04/01/2001,,999-21-2260,S99966738,,,Shaylee428,Klein442,,,,white,italian,M,Blandford MA US,22909 Oma Run Apt. 278 Barnstable MA 02630 US,,,,,,,,,,,,,,,,
bbfa6679-9148-473c-adfa-1446a34303d3,30/03/1963,,999-92-9363,S99935478,X76216383X,Mrs.,Bernie208,Williamson583,,Halvorson187,M,white,italian,F,Springfield MA US,68653 Medhurst Falls Apt. 573 Eastham MA 02642 US,,,,,,,,,,,,,,,,
41fa6765-89e9-4326-8674-62d3e73132ed,21/09/1946,,999-79-5744,S99979022,X56319971X,Mr.,Martine864,Schuster993,,,S,white,irish,M,Swansea MA US,8811 Hazle Rest Suite 106 Bourne MA 02559 US,,,,,,,,,,,,,,,,
c6352495-b731-4cb7-8050-df96bab48632,03/03/1967,,999-57-9344,S99993403,FALSE,Mrs.,Angelina193,Bartoletti882,,Rosenbaum848,M,white,scottish,F,New Bedford MA US,879 River Cove Suite 396 Eastham MA 02642 US,,,,,,,,,,,,,,,,
c97d3fe4-2b22-4b37-b037-862f533d3440,12/08/1948,25/10/1956,999-79-7077,,,,Kira298,Dare819,,,,hispanic,central_american,F,Randolph MA US,7525 Laisha Haven Barnstable MA 02630 US,,,,,,,,,,,,,,,,
3489af9e-9999-455c-839f-52bd59c59407,11/02/2009,09/01/2013,999-76-1210,,,,Alison479,Cartwright250,,,,white,irish,M,Milford MA US,265 Krystal Wall Apt. 811 Bourne MA 02559 US,,,,,,,,,,,,,,,,
8dc0a71a-940e-42f9-8fae-eabcf8d9e449,12/04/1950,,999-13-2653,S99973335,FALSE,Mr.,Wilhelm750,Doyle678,,,S,white,italian,M,Boston MA US,99603 Athena Motorway Suite 767 Eastham MA 02642 US,,,,,,,,,,,,,,,,
80cbc83a-f24a-4204-b296-dd2de8269833,01/05/2001,,999-46-7026,S99950218,,,Heber106,Crona311,,,,white,scottish,M,Winchester MA US,16075 Bobbie Gateway Apt. 782 Eastham MA 02642 US,,,,,,,,,,,,,,,,
3aa98c8d-0c75-4bbc-883e-ee0c8f4f9990,17/05/1946,,999-43-7083,S99948422,X92496646X,Mrs.,Catalina620,Conn229,,Cronin520,M,white,irish,F,Somerville MA US,756 Christiansen Mall Eastham MA 02642 US,,,,,,,,,,,,,,,,
8133b0cb-09ba-4001-ab3f-6e75f6e24a36,13/10/1959,09/07/1991,999-61-5544,S99915278,FALSE,Mr.,Lydia432,Mayer574,,,M,white,german,M,Dracut MA US,25870 Agustina Plaza Chatham MA 02633 US,,,,,,,,,,,,,,,,
908782f6-4e69-40f4-a2b2-118164ea1df6,08/03/1998,,999-10-4107,S99925467,,Ms.,Korey755,Lindgren82,,,,white,german,F,Dedham MA US,912 Shanahan Mountain Eastham MA 02642 US,,,,,,,,,,,,,,,,
218a1736-2f06-417e-80e9-b5f5ee1612e2,15/08/2008,,999-17-6026,,,,Elfrieda370,Halvorson187,,,,white,irish,M,Danvers MA US,914 Carmine Rest Apt. 771 Bourne MA 02559 US,,,,,,,,,,,,,,,,
4382c78e-3180-4132-be82-2ed1aa948ca5,04/03/1947,,999-36-6101,S99934625,FALSE,Mr.,Kieran786,Halvorson187,,,S,white,portuguese,M,Fall River MA US,928 Ashly Estates Suite 637 Eastham MA 02642 US,,,,,,,,,,,,,,,,
baf98c87-9c35-4332-88ca-da8c782bfb56,23/06/1976,,999-77-5554,S99955170,FALSE,Mr.,Constance43,Williamson583,,,M,black,african,M,Walpole MA US,63426 Ardith Extension Brewster MA 02631 US,,,,,,,,,,,,,,,,
1d983e7b-da09-496e-a0a7-5f6eb1aab6bf,27/09/1987,,999-33-8505,S99986889,FALSE,Mrs.,Price694,Torp126,,Rempel495,M,white,italian,F,Waltham MA US,9991 Leila Turnpike Eastham MA 02642 US,,,,,,,,,,,,,,,,
c49d458e-2a0a-45c4-9366-61a11b4f5ab9,21/10/1985,,999-45-9409,S99985868,X57731218X,Mrs.,Wilber386,Conn229,,Casper135,M,white,italian,F,Boston MA US,29952 Pablo Radial Barnstable MA 02630 US,,,,,,,,,,,,,,,,
ea5c2e05-36fa-40dc-8add-b49a78bad6d0,14/06/1933,,999-50-1413,S99943080,X34928232X,Mrs.,Erna95,Rohan6,,Monahan893,M,white,english,F,Shutesbury MA US,11885 Kreiger Circles Eastham MA 02642 US,,,,,,,,,,,,,,,,
6a5dc39d-b575-43d4-b07b-5cee25044dbb,06/05/2002,,999-83-5409,,,,Mylene994,Zieme669,,,,white,irish,M,Peabody MA US,679 Jones Knolls Brewster MA 02631 US,,,,,,,,,,,,,,,,
5ab75a2a-d9e0-4490-ba7d-6548a32c9ff6,23/10/1943,,999-87-3067,S99968279,X90072471X,Mrs.,Lue516,Smitham705,,Gusikowski964,M,white,irish,F,Lynn MA US,699 Konopelski Islands Suite 943 Dennis MA 02638 US,,,,,,,,,,,,,,,,
2a394eff-82b3-4ff7-aef5-9d6a8112fbe1,09/04/2008,,999-68-5137,,,,Alda969,Weimann43,,,,white,italian,F,Weymouth Town MA US,2657 Krajcik Common Suite 182 Dennis MA 02638 US,,,,,,,,,,,,,,,,
cffd444d-53ad-4d51-86f6-21a8efc1b6f3,01/09/1946,,999-58-6161,S99930873,X21048948X,Mr.,Margret221,Rogahn469,,,M,white,english,M,Lawrence MA US,389 Macy Glens Suite 183 Eastham MA 02642 US,,,,,,,,,,,,,,,,
52e8ba2e-d934-4c3b-b325-d3fe7c7b6fe3,03/05/1960,,999-66-9265,S99968251,FALSE,Mrs.,Eula649,Wyman650,,Kutch479,M,black,west_indian,F,Waltham MA US,5106 Vincenzo Springs Suite 990 Eastham MA 02642 US,,,,,,,,,,,,,,,,
d60aab8d-e8aa-4a38-85ed-2967dc6e4aec,30/04/1933,,999-36-6385,S99948551,FALSE,Ms.,Maritza0,Barrows37,,,S,white,irish,F,Boston MA US,31928 Morissette Vista Suite 280 Eastham MA 02642 US,,,,,,,,,,,,,,,,
33430040-8ad9-4732-b2ae-77afb19b7a27,16/12/1966,,999-82-2715,S99976010,X74207162X,Mrs.,Mckenna208,Williamson583,,Sauer496,M,white,irish,F,Brookline MA US,90817 Jerod Manor Barnstable MA 02630 US,,,,,,,,,,,,,,,,
ae84ac86-3c23-4a20-b7a1-d5937810d5c5,20/04/1946,09/01/2005,999-59-4200,S99980570,X81023578X,Mr.,Osborne273,Halvorson187,,,M,white,english,M,Framingham MA US,2792 Mustafa Forges Barnstable MA 02630 US,,,,,,,,,,,,,,,,
c433a001-7409-4ded-9d99-b1d446e51903,27/06/1993,17/04/1994,999-74-1987,,,,Kyle424,O'Reilly368,,,,white,italian,M,Pittsfield MA US,616 Marina Fields Eastham MA 02642 US,,,,,,,,,,,,,,,,
f7c4dbe1-740c-4843-921e-17a7b9615690,08/07/1967,,999-81-5836,S99945497,FALSE,Mrs.,Chaz222,Braun965,,Kreiger23,M,white,polish,F,Lowell MA US,6905 Ritchie Track Suite 724 Eastham MA 02642 US,,,,,,,,,,,,,,,,
ab38d528-6568-4c97-9d9c-e6aa2767387b,09/06/1961,,999-60-3714,S99937649,FALSE,Mrs.,Jevon556,Marquardt624,,McCullough226,M,white,italian,F,Agawam Town MA US,440 Flo Center Eastham MA 02642 US,,,,,,,,,,,,,,,,
6ef61e9f-8ed1-4678-a3b2-7c6024ee27f2,21/02/1943,21/07/1987,999-20-7260,S99961729,FALSE,Ms.,Nella738,Barton351,,,S,white,american,F,Boston MA US,69556 Miles Spring Brewster MA 02631 US,,,,,,,,,,,,,,,,
d97e1bf6-532d-4a7e-aa32-66400be758ed,17/02/1992,,999-83-5532,S99948034,X91291909X,Ms.,Micaela957,Streich664,,,,white,irish,F,Plymouth MA US,6599 Haley Wall Apt. 519 Chatham MA 02633 US,,,,,,,,,,,,,,,,
9e08e4ac-44c0-4573-b2f1-51271209fd8c,23/08/1958,,999-47-3663,S99962184,X40906370X,Mrs.,Darius189,O'Reilly368,,Hartmann887,M,white,german,F,Concord MA US,7090 Rohan Field Suite 154 Eastham MA 02642 US,,,,,,,,,,,,,,,,
5f04727d-d7a2-4953-8e5a-335c1b70f791,20/04/2003,,999-14-8946,,,,Gaetano664,Nitzsche806,,,,white,english,M,Worcester MA US,88621 Paucek Fields Apt. 533 Barnstable MA 02630 US,,,,,,,,,,,,,,,,
c5ad263a-32f6-40b0-bcba-43701e900f42,02/05/1960,28/11/2016,999-71-4911,S99995561,X87011951X,Mr.,Makenzie492,Langworth348,,,S,white,german,M,Woburn MA US,920 Corwin Keys Apt. 904 Chatham MA 02633 US,,,,,,,,,,,,,,,,
5bcb9c69-69ff-457d-9f9f-8c667c1d9f0c,06/09/1951,23/10/2008,999-27-9153,S99985973,X50070059X,Mrs.,Leann579,Johnston958,,Mann540,M,white,french_canadian,F,Natick MA US,992 Hardy Glens Bourne MA 02532 US,,,,,,,,,,,,,,,,
ab268462-b96b-4e65-bc34-370eec2179fc,17/08/1957,24/12/1983,999-61-1838,S99945209,FALSE,Mr.,Leonora79,Ratke467,,,,white,irish,M,Palmer Town MA US,793 Gutkowski Land Dennis MA 02638 US,,,,,,,,,,,,,,,,
bb9ca57a-784d-4f7e-ae13-65c2acc42828,06/11/1992,,999-37-8549,S99950006,X57011238X,Mr.,Aimee608,Wuckert293,,,,white,polish,M,Norwell MA US,945 Morton Vista Dennis MA 02638 US,,,,,,,,,,,,,,,,
2b24b43e-77c5-4da5-8fac-628cff6626ee,09/01/1971,,999-55-1181,S99931896,X19252628X,Mr.,Ana72,Balistreri143,,,M,white,english,M,Malden MA US,9844 Purdy Station Apt. 966 Brewster MA 02631 US,,,,,,,,,,,,,,,,
374f36c9-6d67-474c-a835-4f51004ce5f8,12/09/1993,,999-51-9087,S99933672,X45218256X,Mr.,Remington665,Conn229,,,,white,italian,M,Chelsea MA US,30106 Jeremy Freeway Suite 161 Eastham MA 02642 US,,,,,,,,,,,,,,,,
98f5236f-6579-48de-8dcd-2c61a76e6ec6,07/09/1969,,999-92-7020,S99991672,FALSE,Mrs.,Sydnie186,Turner411,,Reichel503,M,white,russian,F,Taunton MA US,80050 Schaden Ways Apt. 329 Chatham MA 02633 US,,,,,,,,,,,,,,,,
de10fd87-4479-4771-9ccf-84571adbcea5,06/07/1948,,999-57-8169,S99970143,FALSE,Mrs.,Loma522,Sporer804,,Jerde959,M,hispanic,central_american,F,Holliston MA US,120 Krystal Turnpike Suite 929 Barnstable MA 02630 US,,,,,,,,,,,,,,,,
68706820-d4ae-45aa-b6da-7ce1fe293f81,02/02/1935,06/02/2010,999-48-8209,S99963109,FALSE,Mr.,Yolanda107,Reinger879,,,M,white,portuguese,M,Lynn MA US,80690 Corbin Causeway Brewster MA 02631 US,,,,,,,,,,,,,,,,
a6bf9931-3b28-44a3-b8ac-9faf4932b022,24/06/1980,18/01/2005,999-30-9851,S99929694,FALSE,Mr.,Holden389,Toy38,,,,white,portuguese,M,Lynn MA US,74409 Nitzsche Loaf Apt. 730 Barnstable MA 02630 US,,,,,,,,,,,,,,,,
ab2d83d4-5b14-4dbb-82aa-01dc7f494d91,22/03/1970,,999-79-6039,S99969182,X43667927X,Mrs.,Royal548,Will523,,Stehr203,M,white,french,F,Boston MA US,547 Greenfelder Causeway Apt. 641 Dennis MA 02638 US,,,,,,,,,,,,,,,,
95964f2b-2f50-4037-801b-ac000b76ba40,09/05/1998,,999-22-9159,S99916113,,Mr.,Trevor924,Schmitt349,,,,white,irish,M,Concord MA US,773 Davis Crest Brewster MA 02631 US,,,,,,,,,,,,,,,,
03908486-b783-4789-a810-032bebb6025e,08/03/1949,,999-22-9620,S99997577,X35349605X,Mr.,Greta79,Bruen922,,,M,white,scottish,M,Chelmsford MA US,70009 Katrine Causeway Chatham MA 02633 US,,,,,,,,,,,,,,,,
9f1e5039-1764-445a-9c56-b7045660ed8f,26/07/1945,06/05/1999,999-11-8052,S99987934,FALSE,Mr.,Nolan207,Treutel576,,,M,white,english,M,Quincy MA US,993 Schaefer Junctions Barnstable MA 02630 US,,,,,,,,,,,,,,,,
fd24ba69-dd45-4d4c-b2cc-723b3f10cfd4,27/12/1949,29/07/1995,999-54-2866,S99974296,X74681501X,Ms.,Jared924,Kris701,,,S,white,irish,F,Cheshire MA US,295 Allan Islands Dennis MA 02638 US,,,,,,,,,,,,,,,,
b5ec7245-487b-4a8f-8455-eb280d05622a,30/11/1963,,999-67-1523,S99919809,X59007187X,Mr.,Palma193,Dietrich207,,,M,white,german,M,Franklin Town MA US,93952 Antonio Cliff Dennis MA 02638 US,,,,,,,,,,,,,,,,
e5dad4dc-2fa0-446f-bb22-446617603472,21/01/1964,,999-35-9557,S99966105,X66501198X,Mrs.,Coby952,Hoeger84,,Zemlak802,M,white,italian,F,Duxbury MA US,9289 Kylie Port Dennis MA 02638 US,,,,,,,,,,,,,,,,
45a72ec0-fc2a-401c-93a3-55aa3d2be610,07/10/1977,,999-70-3766,S99974323,X34187130X,Ms.,Oleta761,Reichel503,,,S,white,irish,F,Shrewsbury MA US,2462 Morar Loop Barnstable MA 02630 US,,,,,,,,,,,,,,,,
243ef8a5-33e2-4c4c-bc7f-4ade35da9934,05/04/1960,,999-58-2714,S99912832,X53016256X,Mr.,Ida369,Zieme669,,,M,white,german,M,Sterling MA US,31275 Frederick Junctions Chatham MA 02633 US,,,,,,,,,,,,,,,,
b6941904-b460-4773-b290-9835cdbc6396,02/02/1981,,999-85-3326,S99934514,X84847420X,Mr.,Ellis412,Fisher354,,,M,white,portuguese,M,Boston MA US,36423 Margot Ports Apt. 861 Barnstable MA 02630 US,,,,,,,,,,,,,,,,
f1e3472f-b44d-4439-a45f-b0ed6bb2cb16,05/08/1957,,999-66-2021,S99996954,X75483390X,Mr.,Fritz758,Dooley862,,,M,white,irish,M,Natick MA US,74528 Colton Lane Dennis MA 02638 US,,,,,,,,,,,,,,,,
7b14715b-337e-420f-837e-13276c1f546f,24/02/1959,,999-19-5872,S99952029,X48570328X,Mr.,Eino599,Treutel576,,,M,white,portuguese,M,Lynn MA US,1951 Henderson Summit Eastham MA 02642 US,,,,,,,,,,,,,,,,
c4d0968a-8547-42d8-ab82-d8052830fc3f,13/03/1943,,999-29-7945,S99963440,X32505121X,Ms.,Soledad787,Haag961,,,S,white,american,F,Cambridge MA US,44997 Heathcote Hill Brewster MA 02631 US,,,,,,,,,,,,,,,,
d98cd721-4439-46c6-a054-865c406f7c73,28/06/1959,,999-86-9020,S99968756,FALSE,Mr.,Dagmar223,Greenfelder59,,,S,white,american,M,Hadley MA US,198 Walsh Lake Brewster MA 02631 US,,,,,,,,,,,,,,,,
8ff1626b-dab2-46de-8b6e-37a78d1d7fa8,13/01/1935,08/11/1992,999-77-8905,S99961983,FALSE,Mr.,Ford817,Cronin520,,,M,white,portuguese,M,Peabody MA US,25408 Alana Square Brewster MA 02631 US,,,,,,,,,,,,,,,,
72a8d956-6261-48ac-aae9-07b8b629e9b3,27/01/1952,,999-90-2926,S99999786,FALSE,Ms.,Shawn327,Hand296,,,S,white,french_canadian,F,Boylston MA US,2273 Elijah Island Bourne MA 02559 US,,,,,,,,,,,,,,,,
5ce51201-7499-4ac8-ac47-a044c8dd5e69,15/05/1971,,999-94-1961,S99951748,X28283828X,Mrs.,Ambrose892,Effertz802,,Schuppe795,M,white,english,F,Marblehead MA US,620 Emory Islands Chatham MA 02633 US,,,,,,,,,,,,,,,,
5e0fd1d1-0176-4e4a-9d7c-6ac69b273942,30/09/1907,02/09/1996,999-70-5478,S99943847,X87127265X,Mrs.,Tanya368,Hansen74,,Zulauf284,M,white,german,F,Boston MA US,7582 Myrtis Haven Suite 951 Barnstable MA 02630 US,,,,,,,,,,,,,,,,
1e1599dc-e0ab-49a7-b581-5dde343626e7,16/07/1952,,999-83-6901,S99930781,X95404557X,Mrs.,Elsie962,Auer76,,Witting337,M,white,french,F,Gloucester MA US,98837 Alena Well Suite 425 Brewster MA 02631 US,,,,,,,,,,,,,,,,
f53e661f-2feb-4b10-8a73-f9c89c6b5ae2,19/07/1984,,999-53-6384,S99992738,X69496618X,Mr.,Deshawn40,Johns198,,,M,black,african,M,New Bedford MA US,579 Sedrick Wall Suite 214 Barnstable MA 02630 US,,,,,,,,,,,,,,,,
0bd58270-f701-4ded-963e-9a32b0fee308,25/02/1996,,999-90-1972,S99942723,FALSE,Mr.,Laron861,Rice809,,,,white,irish,M,Salisbury MA US,6390 Joey Skyway Suite 977 Bourne MA 02559 US,,,,,,,,,,,,,,,,
50b62194-aaa0-4169-9bc0-eac27cc296bf,03/06/1963,,999-74-8261,S99999868,X52001025X,Mrs.,Beth648,Rutherford110,,Grady368,M,white,french,F,Provincetown MA US,7936 Jackeline Terrace Suite 314 Chatham MA 02633 US,,,,,,,,,,,,,,,,
94df89dc-e456-42a2-8099-258a697b8fcc,27/01/1967,,999-42-1763,S99972973,X13637110X,Mr.,Denis89,Johnston958,,,M,white,italian,M,Lynn MA US,653 Irving Route Apt. 882 Barnstable MA 02630 US,,,,,,,,,,,,,,,,
d8755427-05c5-434b-9218-dc59a17a53ee,27/05/2002,,999-53-4837,,,,Dewayne410,Klein442,,,,white,english,M,Boston MA US,4553 Reinger Highway Apt. 502 Eastham MA 02642 US,,,,,,,,,,,,,,,,
23c1c58b-94a3-47fa-b9ca-ed539fcf30ab,29/05/1982,,999-59-4306,S99990375,X26039159X,Mr.,Gunnar874,Mann540,,,M,white,irish,M,Boston MA US,14883 Craig Turnpike Apt. 618 Bourne MA 02559 US,,,,,,,,,,,,,,,,
1ac65c0b-0162-4a25-8623-c4f20a16f71e,25/01/1955,16/05/1961,999-55-1073,,,,Berry351,Lesch922,,,,white,german,F,Worcester MA US,5858 Palma Parkways Suite 233 Eastham MA 02642 US,,,,,,,,,,,,,,,,
a2fc43eb-b6eb-45d8-8134-1e8c0b52b86a,06/05/1940,,999-25-9125,S99927560,X48312618X,Ms.,Lincoln397,Kassulke631,,,S,white,irish,F,Watertown Town MA US,60365 Cheyenne Avenue Suite 567 Chatham MA 02633 US,,,,,,,,,,,,,,,,
fbe9330e-cb63-4fe8-b29c-125ffd6bd494,22/07/1945,,999-13-1966,S99912984,X65076068X,Mr.,Aurelia354,Simonis652,,,M,white,english,M,Bourne MA US,2796 Towne Haven Apt. 507 Barnstable MA 02630 US,,,,,,,,,,,,,,,,
d23a770c-d887-491e-98aa-2d7d7e9074d0,08/12/1949,,999-15-8973,S99954455,X58409127X,Mrs.,Nikko378,Hilpert863,,Purdy145,M,white,irish,F,Fall River MA US,473 Christophe Overpass Suite 891 Dennis MA 02638 US,,,,,,,,,,,,,,,,
0f6474b0-f2d7-486d-8bdd-5ae555472384,30/12/1943,,999-12-6738,S99958871,X35721115X,Ms.,Lenny85,Veum951,,,S,white,italian,F,Saugus MA US,1860 Demetris Brooks Brewster MA 02631 US,,,,,,,,,,,,,,,,
d6f0bfcc-0093-4ba9-bebb-888b8caee2d4,16/11/1952,,999-60-1592,S99916887,X91259077X,Mr.,Roel757,Kuvalis245,,,M,white,french,M,Boston MA US,75521 Medhurst Ways Suite 130 Dennis MA 02638 US,,,,,,,,,,,,,,,,
b78cb7ce-3aac-40a8-90c2-d0f9b434db35,11/12/1980,,999-45-7323,S99959396,X69472009X,Mrs.,Woodrow610,Durgan203,,Swaniawski131,M,white,french,F,Lowell MA US,4319 Dagmar Cape Suite 197 Barnstable MA 02630 US,,,,,,,,,,,,,,,,
66456516-3f76-4457-a0b9-bb670d6df9d6,17/01/2014,,999-71-2402,,,,Rupert846,Lesch922,,,,white,italian,M,Worcester MA US,631 Hettinger Fords Suite 649 Dennis MA 02638 US,,,,,,,,,,,,,,,,
39fa0a46-239c-4cb4-bf38-a3e48349c2f8,29/11/1970,,999-18-9893,S99974790,X58559211X,Mr.,Nikita226,Deckow187,,,M,white,portuguese,M,Boston MA US,9089 Joanie Way Apt. 220 Eastham MA 02642 US,,,,,,,,,,,,,,,,
dc55e45b-9b9b-4cc2-a49c-b737e3250ad6,17/05/1953,05/04/2015,999-87-8094,S99989760,X62216954X,Mr.,Mandy634,Beer324,,,M,white,german,M,Brookline MA US,737 Spencer Highway Barnstable MA 02630 US,,,,,,,,,,,,,,,,
bba68444-713a-4ac2-8205-7752e1b7e91b,12/04/2001,,999-76-8148,S99975881,,,Bo111,Weissnat992,,,,white,irish,M,Cambridge MA US,4567 Jerod Wells Apt. 869 Brewster MA 02631 US,,,,,,,,,,,,,,,,
9813eb4a-cd8d-4151-b57b-6888526899cd,08/02/1987,,999-71-3698,S99946353,X14922498X,Mr.,Ernie234,Barton351,,,M,white,french,M,Beverly MA US,7613 Cassidy Hills Bourne MA 02559 US,,,,,,,,,,,,,,,,
d85f602c-9f60-4968-800a-2ef0752e410a,25/04/1957,,999-24-8898,S99954870,X70034689X,Mrs.,Ceasar55,Collins869,,O'Hara796,M,white,portuguese,F,Lexington MA US,634 Klocko Isle Suite 386 Chatham MA 02633 US,,,,,,,,,,,,,,,,
25d17c59-4d2a-4e47-99a3-a00395109eb6,16/03/1908,21/01/1948,999-20-7537,S99962016,X85107280X,Mrs.,Thalia731,Altenwerth673,,Streich664,M,white,german,F,Haverhill MA US,582 Tyshawn Plaza Suite 419 Barnstable MA 02630 US,,,,,,,,,,,,,,,,
caa650a7-0e4b-4b6f-98eb-4c80e79ac178,28/02/1981,29/11/2008,999-16-3975,S99999566,FALSE,Mr.,Marlin595,Price694,,,M,white,polish,M,Cambridge MA US,26515 Kozey Port Apt. 579 Brewster MA 02631 US,,,,,,,,,,,,,,,,
a37a8904-702b-424f-8f77-f16d0bcd82d4,03/11/2002,,999-91-1477,,,,Kris701,Nienow887,,,,white,irish,M,Wellesley MA US,491 Grimes Viaduct Suite 599 Chatham MA 02633 US,,,,,,,,,,,,,,,,
ebce206d-d04c-4887-bb81-40e422121a92,16/03/1967,,999-95-4345,S99953365,X69462119X,Mr.,Carrie291,Langosh323,,,S,white,italian,M,Boxford MA US,41764 Jazmyn Plains Suite 576 Barnstable MA 02630 US,,,,,,,,,,,,,,,,
a8caa5a2-b9f4-4c5d-8a9b-8a6bea9b982f,07/03/2008,,999-61-8127,,,,Sandrine611,Batz332,,,,white,irish,M,Hatfield MA US,7458 Romaguera Prairie Chatham MA 02633 US,,,,,,,,,,,,,,,,
b3886c5d-b9e8-464e-ac39-c4875e908d0e,16/11/1967,,999-89-2080,S99942884,X88238537X,Mr.,Samara373,Satterfield158,,,M,white,italian,M,Harvard MA US,9472 Hessel Spur Dennis MA 02638 US,,,,,,,,,,,,,,,,
0284c1e2-3d52-49e8-86f1-303bcd99d0c9,20/04/1951,25/05/2003,999-61-9375,S99992258,X36489166X,Mr.,Janiya167,Rodriguez388,,,S,white,irish,M,Swampscott MA US,16138 Osvaldo Summit Apt. 620 Eastham MA 02642 US,,,,,,,,,,,,,,,,
03d889ba-5cdc-444a-bcb0-e86b705e860e,07/10/1959,,999-95-6418,S99931035,FALSE,Mr.,Pat205,Schulist336,,,S,white,portuguese,M,Hardwick MA US,31357 Ole Ridge Dennis MA 02638 US,,,,,,,,,,,,,,,,
f9b9358c-172b-4474-ac62-c67236ee1f79,23/08/2005,,999-64-9875,,,,Keyon983,Thiel335,,,,white,german,M,Methuen Town MA US,47872 Gottlieb Ferry Chatham MA 02633 US,,,,,,,,,,,,,,,,
4d2836d8-73df-4de7-8a89-9142bc377aaa,25/05/1952,06/08/2012,999-91-7811,S99946019,FALSE,Mr.,Edison403,Marks493,,,S,white,irish,M,Saugus MA US,497 Kraig Gardens Suite 247 Dennis MA 02638 US,,,,,,,,,,,,,,,,
257ba1a2-e0a0-4319-8f6e-0bfdef8f6c01,27/04/1955,,999-89-2675,S99994419,X35864805X,Mrs.,Eliseo203,Goodwin263,,Pacocha576,M,white,german,F,Somerville MA US,6905 Adele Extensions Eastham MA 02642 US,,,,,,,,,,,,,,,,
1bf23e46-1a4f-412b-bd7a-8bfcf1985617,30/04/1935,27/03/2013,999-41-1757,S99946806,X25887577X,Mr.,Hailie336,Berge315,,,M,white,portuguese,M,Randolph MA US,93973 Jalon Cove Suite 450 Brewster MA 02631 US,,,,,,,,,,,,,,,,
1516c893-273b-40b1-99d1-789e452d008c,17/12/1980,,999-36-8834,S99973313,FALSE,Mr.,Lessie428,Ledner563,,,S,white,polish,M,Ayer MA US,606 Olen Prairie Apt. 690 Brewster MA 02631 US,,,,,,,,,,,,,,,,
4daf42a3-b6a8-49fc-9e55-32f57a1ac344,12/07/2001,,999-43-1200,,,,Rae430,Donnelly502,,,,white,german,M,Amherst MA US,41627 Benjamin Branch Apt. 825 Barnstable MA 02630 US,,,,,,,,,,,,,,,,
39124658-0e5a-496b-b46f-9ce147023a59,15/09/1953,,999-87-5954,S99974792,X55630018X,Mrs.,Cordia106,O'Reilly368,,Kling953,M,white,irish,F,Harvard MA US,98250 Thaddeus Alley Barnstable MA 02630 US,,,,,,,,,,,,,,,,
dc6af68b-b7b8-4645-8595-ae555505f2da,08/08/1935,,999-58-6212,S99960176,FALSE,Mrs.,Aurore53,Brekke994,MD,Beatty236,M,white,american,F,Westfield MA US,75706 Kenna Fork Apt. 993 Bourne MA 02532 US,,,,,,,,,,,,,,,,
6271783c-d27e-4d6e-9baf-66baddb20863,28/02/1945,,999-17-5750,S99929173,FALSE,Mrs.,Eda659,Labadie734,,Hamill808,M,white,italian,F,Agawam Town MA US,4510 Christopher Drives Apt. 700 Bourne MA 02532 US,,,,,,,,,,,,,,,,
7e419284-f400-4ea2-8f2a-8ad7687d1264,11/09/1944,,999-23-7235,S99998030,X43524277X,Mr.,Eleanora34,Bauch930,,,M,white,french_canadian,M,Leominster MA US,648 Deangelo Spurs Barnstable MA 02630 US,,,,,,,,,,,,,,,,
e97a2594-a73f-4f80-9499-effea051c748,25/03/1952,19/02/2013,999-12-7244,S99943728,X43168704X,Mrs.,Damaris173,Buckridge255,,Kautzer530,M,white,irish,F,Boston MA US,4479 Enid Meadow Apt. 974 Barnstable MA 02630 US,,,,,,,,,,,,,,,,
048ffcd2-bb77-415d-8d49-2d74fa3ca5be,15/02/1953,,999-59-7880,S99978083,FALSE,Mr.,Leanne832,Bayer843,,,M,white,german,M,Malden MA US,35184 Huel Fort Barnstable MA 02630 US,,,,,,,,,,,,,,,,
a3a5683a-4279-4656-9b72-e16d4b326b38,06/06/1949,,999-47-4421,S99950134,FALSE,Mr.,Rosalind390,Smitham705,,,M,white,swedish,M,Lynn MA US,49565 Blanda Mountain Bourne MA 02559 US,,,,,,,,,,,,,,,,
9581676d-44e5-404c-9573-a629a9b3e108,07/06/1999,,999-29-2527,S99932276,,,Oscar307,Bayer843,,,,white,italian,F,Springfield MA US,75791 Aracely Crossing Chatham MA 02633 US,,,,,,,,,,,,,,,,
ec6f3d37-0680-4519-963f-31aaaa39e2ce,26/02/1934,11/07/2011,999-54-5118,S99954470,FALSE,Mr.,Corene508,Bernhard843,,,M,white,polish,M,Brookline MA US,6080 Diana Groves Barnstable MA 02630 US,,,,,,,,,,,,,,,,
2086144e-d154-47f4-a908-2f1e30e3b998,07/01/1996,,999-25-3560,S99998999,FALSE,Mr.,Reyes523,Renner675,,,,white,english,M,Brewster MA US,958 Kuhic Meadow Apt. 138 Brewster MA 02631 US,,,,,,,,,,,,,,,,
8a2e331c-32e9-4787-b72f-61001c13c02e,10/12/1997,,999-69-9084,S99933902,,Mr.,Tabitha807,Leuschke227,,,,white,irish,M,Harwich MA US,70971 Quitzon Forest Apt. 143 Brewster MA 02631 US,,,,,,,,,,,,,,,,
c72b6b71-4dda-4c3e-98a9-6f796012360e,07/06/1990,,999-47-1136,S99948204,FALSE,Mr.,Dimitri504,Jacobson284,,,,white,english,M,Fall River MA US,73362 Caleigh Mountain Apt. 628 Brewster MA 02631 US,,,,,,,,,,,,,,,,
d87a05b5-1ea3-4c70-a558-fecda463ef30,18/07/1934,23/02/1989,999-34-3591,S99919536,X49132556X,Mr.,Clara990,Murray364,,,M,white,portuguese,M,Mansfield MA US,106 Meta Hill Apt. 479 Brewster MA 02631 US,,,,,,,,,,,,,,,,
90098776-9530-40d5-adcb-a63f1cff0371,13/01/1951,,999-92-5858,S99956480,X64590821X,Mr.,Wilma512,Wunsch254,,,M,white,portuguese,M,Grafton MA US,487 Haag Locks Barnstable MA 02630 US,,,,,,,,,,,,,,,,
fdb54ca7-d001-469c-ac08-a604e9a7e14c,24/09/1948,12/11/2004,999-59-6576,S99968071,FALSE,Mr.,Dorris221,Parker58,,,S,white,italian,M,Boston MA US,5850 Gladys Lights Suite 106 Barnstable MA 02630 US,,,,,,,,,,,,,,,,
047660d6-da11-4d01-a80a-7a8f9a1167cf,02/02/1958,20/12/1998,999-16-1558,S99992009,FALSE,Mr.,Adalberto403,Ortiz21,,,M,white,irish,M,Leominster MA US,64666 Jean Crest Apt. 518 Brewster MA 02631 US,,,,,,,,,,,,,,,,
379cd35c-b7ab-4396-a305-2bda64e63000,24/07/1956,17/12/2013,999-69-2950,S99975927,FALSE,Ms.,Merl313,Hane728,,,S,white,irish,F,Randolph MA US,91175 Jaron Isle Dennis MA 02638 US,,,,,,,,,,,,,,,,
55337ee0-f9ce-4626-ad82-79a004c558d5,21/10/1907,05/04/1993,999-23-6554,S99971033,FALSE,Mrs.,Francesco771,Romaguera219,,Corwin850,M,white,german,F,Amherst MA US,843 Glover Highway Suite 847 Barnstable MA 02630 US,,,,,,,,,,,,,,,,
c7d9ba7e-0455-4783-b023-6fb09a1b0514,26/10/1950,,999-44-2824,S99932132,X24499695X,Mr.,Mylene994,Schaefer735,,,S,white,irish,M,Springfield MA US,1749 Daugherty Street Apt. 717 Eastham MA 02642 US,,,,,,,,,,,,,,,,
350f386f-ffee-4129-894f-393772060bc6,07/04/1979,,999-24-9758,S99942530,X42113444X,Mrs.,Janae804,Ondricka564,,Rutherford110,M,white,italian,F,Attleboro MA US,5990 Tressie Landing Bourne MA 02559 US,,,,,,,,,,,,,,,,
14a8103a-8293-44da-9f15-266e2b654ee8,07/06/1966,,999-84-1680,S99936457,FALSE,Mrs.,Crystal102,Wintheiser464,,Gerlach95,M,white,english,F,Boston MA US,54522 Roxanne Inlet Suite 384 Chatham MA 02633 US,,,,,,,,,,,,,,,,
a5804d4e-fb42-4af3-bd93-70023f9ec99e,20/03/1952,,999-25-6116,S99991798,FALSE,Mr.,Rosalia314,Haag961,,,M,white,irish,M,Hopkinton MA US,6699 Lubowitz Union Suite 550 Dennis MA 02638 US,,,,,,,,,,,,,,,,
a191fb59-9a8f-45d8-a7c9-89e225ada89d,17/05/1954,,999-27-3261,S99994388,X42986278X,Mrs.,Brian580,Lubowitz329,,Schinner228,M,white,german,F,Northampton MA US,54746 Hamill Streets Brewster MA 02631 US,,,,,,,,,,,,,,,,
dd678263-7703-4706-85df-c642c1ec104b,10/05/1971,,999-88-6172,S99962713,FALSE,Mrs.,Wilford711,Gusikowski964,,Powlowski414,M,white,italian,F,Maynard MA US,2508 Rahsaan Plains Chatham MA 02633 US,,,,,,,,,,,,,,,,
2b62a5d2-9165-4516-a1ed-e3e055a61c92,24/10/2011,,999-72-4551,,,,Esperanza597,Ullrich303,,,,white,irish,M,Beverly MA US,1370 Crystal Point Suite 669 Barnstable MA 02630 US,,,,,,,,,,,,,,,,
06da2e48-31e5-4e77-b4eb-dedf2aa93979,22/09/1970,,999-41-2922,S99973932,FALSE,Mr.,Elinor514,Aufderhar983,PhD,,M,asian,chinese,M,Raynham MA US,916 Arturo Shore Apt. 400 Eastham MA 02642 US,,,,,,,,,,,,,,,,
dab7643e-a816-4c2c-87e4-7038d73a09bf,19/10/2013,,999-63-8998,,,,Kim332,Mraz432,,,,white,polish,M,Chicopee MA US,4151 Eleazar Park Barnstable MA 02630 US,,,,,,,,,,,,,,,,
2b979cc5-8ca5-47c8-b90e-847c3eff243e,04/02/1941,,999-65-6952,S99996142,X44308836X,Mr.,Quincy85,Kunde709,,,M,white,french_canadian,M,Stoneham MA US,666 Zieme Course Apt. 255 Barnstable MA 02630 US,,,,,,,,,,,,,,,,
62d53974-111c-46af-9032-996ae4edb324,28/07/1958,,999-35-4903,S99938898,X84892367X,Ms.,Carlie735,Schulist336,,,S,white,irish,F,North Attleborough MA US,4346 Hackett Vista Suite 635 Brewster MA 02631 US,,,,,,,,,,,,,,,,
73edf70a-a501-4468-91a7-3ea54bcc7b88,21/03/1952,,999-93-4696,S99920994,X41124282X,Mrs.,Kaya334,Boyer546,,Hahn996,M,white,irish,F,Uxbridge MA US,187 Cruickshank Mill Apt. 690 Barnstable MA 02630 US,,,,,,,,,,,,,,,,
66cfbd90-ec53-44ab-ae89-0d8654821ec3,18/10/1933,12/11/2002,999-22-6270,S99997125,X15247929X,Mr.,Aliya67,White184,,,M,white,polish,M,Brockton MA US,430 Bogan Burgs Barnstable MA 02630 US,,,,,,,,,,,,,,,,
9a8817be-f7d7-4309-90ec-9ffce5a154a1,14/08/2006,,999-15-9629,,,,Retha189,Denesik641,,,,white,italian,M,Wales MA US,279 Shields Estates Apt. 645 Brewster MA 02631 US,,,,,,,,,,,,,,,,
1213256a-6d01-4c06-8e27-62629ec1c361,10/05/2005,,999-82-2580,,,,Meta124,Cartwright250,,,,white,german,F,Plymouth MA US,21083 McLaughlin Terrace Brewster MA 02631 US,,,,,,,,,,,,,,,,
2cc2251f-9bb3-47f2-b6f6-9c8df6dd3e83,13/04/1978,,999-10-6557,S99965808,X23825374X,Mrs.,Stephanie403,Schneider787,,Mraz432,M,white,polish,F,Wilmington MA US,74652 Keeley Square Apt. 815 Eastham MA 02642 US,,,,,,,,,,,,,,,,
40f187bf-708c-4122-a4f4-d99060df3d38,22/09/1943,,999-63-8178,S99942183,FALSE,Mrs.,Alexa120,Schaden136,,Braun965,M,white,french,F,Arlington MA US,8436 Mathew Canyon Dennis MA 02638 US,,,,,,,,,,,,,,,,
27770d8a-8674-4b81-8899-4b97ac6d5650,06/08/1947,,999-37-4228,S99931837,FALSE,Ms.,Ericka821,Greenholt188,,,S,white,portuguese,F,Milford MA US,830 Albina Branch Bourne MA 02559 US,,,,,,,,,,,,,,,,
666452be-7ff7-439a-b648-7a9a780413e2,26/09/1934,04/11/2003,999-85-7167,S99944966,X87363816X,Mr.,Mylene994,Schoen119,,,M,white,portuguese,M,North Reading MA US,412 Aida Cape Apt. 590 Brewster MA 02631 US,,,,,,,,,,,,,,,,
b91c0cc8-73c5-44e8-a283-11b5e3526009,08/02/1958,,999-75-2671,S99993628,X15505991X,Mr.,Carley263,Rodriguez388,,,M,white,irish,M,Beverly MA US,249 Edgar Lane Brewster MA 02631 US,,,,,,,,,,,,,,,,
efe1fa1b-7fde-4c6c-b130-b1032e401528,05/05/1987,,999-89-3495,S99931494,FALSE,Mrs.,Alfonso418,Bosco441,,Cormier933,M,white,german,F,Bridgewater MA US,565 Kristoffer Springs Suite 184 Barnstable MA 02630 US,,,,,,,,,,,,,,,,
2ab1444b-632a-4b7b-a246-f544b1080803,03/02/2014,,999-23-3344,,,,Gregorio271,Hickle792,,,,asian,asian_indian,F,Needham MA US,754 Adrianna Trail Eastham MA 02642 US,,,,,,,,,,,,,,,,
d8aca5ce-2d3b-4108-a33c-0afc333c900b,12/01/1917,07/07/1944,999-43-3351,S99968579,X20682879X,Mrs.,Jean758,Barton351,,Zemlak802,M,white,polish,F,Boston MA US,192 Langosh Row Brewster MA 02631 US,,,,,,,,,,,,,,,,
3c69c001-933f-4635-97e3-f403595c9a8a,10/11/1953,08/11/2011,999-65-7847,S99968240,FALSE,Mr.,Unique526,Abbott509,,,M,white,american,M,Quincy MA US,8877 McKenzie Road Bourne MA 02532 US,,,,,,,,,,,,,,,,
51db7e4c-b904-44d5-97ab-944256fbaba6,24/08/1983,,999-34-2857,S99983681,X93003791X,Mr.,Lynn174,Kirlin77,,,M,white,irish,M,Haverhill MA US,39947 Bechtelar Forest Brewster MA 02631 US,,,,,,,,,,,,,,,,
c974bc5f-a2b5-414e-8406-4bd9fc7c13a3,21/08/1956,,999-79-2410,S99915579,FALSE,Mrs.,Nolan207,Sauer496,,Hickle792,M,white,irish,F,Tyngsborough MA US,70715 Bode Shore Suite 337 Dennis MA 02638 US,,,,,,,,,,,,,,,,
092394cd-70c9-48d8-b418-e73eea096675,01/10/1967,,999-20-3486,S99951377,FALSE,Mr.,Annabelle95,Hilpert863,,,M,white,french_canadian,M,Falmouth MA US,823 Anjali Ridge Suite 587 Chatham MA 02633 US,,,,,,,,,,,,,,,,
a82ef75a-2b59-4855-a977-47f7ddf4fe15,26/07/1948,,999-41-6643,S99932330,FALSE,Mr.,Garrett625,Wintheiser464,,,M,white,italian,M,Falmouth MA US,543 Brannon Burg Barnstable MA 02630 US,,,,,,,,,,,,,,,,
71c698af-cd54-4021-a841-7b161f086e91,25/04/2010,,999-88-8599,,,,Aliya67,Hegmann501,,,,white,swedish,F,Cambridge MA US,36358 Renee Crossing Chatham MA 02633 US,,,,,,,,,,,,,,,,
1bece07b-3730-4cf8-b79e-cbbf5e031c96,01/06/2011,,999-10-2065,,,,Citlalli570,Funk679,,,,white,irish,M,Fitchburg MA US,938 Trantow Village Chatham MA 02633 US,,,,,,,,,,,,,,,,
0920d5bc-be1b-4625-ae1c-669aa1a92d36,19/06/1952,04/12/1975,999-56-5801,S99999834,X88109522X,Mr.,Stuart430,Harvey961,,,,white,irish,M,Easton MA US,7405 Mitchell Isle Barnstable MA 02630 US,,,,,,,,,,,,,,,,
0fd772f4-f6a6-4e66-be2f-f5868c78d76a,19/04/1954,,999-90-7714,S99971802,FALSE,Mr.,Hazle966,King747,,,M,white,english,M,Templeton MA US,3394 Rippin Hollow Brewster MA 02631 US,,,,,,,,,,,,,,,,
8d7e6cd5-b5c2-400d-a9ad-a17f20ab214b,03/01/1908,25/01/1991,999-62-2362,S99950456,FALSE,Mrs.,Maya651,Harvey961,,Willms697,M,white,german,F,Sudbury MA US,559 Destiney Meadows Apt. 158 Barnstable MA 02630 US,,,,,,,,,,,,,,,,
c6b04413-28e9-495d-be64-80819bfa88e4,04/01/2000,,999-94-5061,S99996072,,,Elroy291,Abernathy746,,,,white,italian,F,Webster MA US,68701 Nicklaus Parkway Dennis MA 02638 US,,,,,,,,,,,,,,,,
4864e433-1a12-4f26-977b-2c8e2190fa1b,29/09/1961,,999-24-5317,S99965564,X31095124X,Mr.,Alphonso770,Schulist336,,,S,white,italian,M,Framingham MA US,294 Lind Hill Apt. 577 Brewster MA 02631 US,,,,,,,,,,,,,,,,
47951865-272b-4165-89f0-a139dd2a42a7,12/02/1933,09/11/2014,999-83-4495,S99989122,FALSE,Mr.,Sanford945,Rogahn469,,,M,white,polish,M,Cambridge MA US,9359 Luisa Circle Suite 196 Bourne MA 02559 US,,,,,,,,,,,,,,,,
f17d7699-b3cc-40ba-9dda-a4216cea79e1,05/09/1995,,999-45-8136,S99919451,X41900039X,Mr.,Myrna717,Kirlin77,,,,white,irish,M,Boston MA US,71728 Brandy Pine Chatham MA 02633 US,,,,,,,,,,,,,,,,
e9201dca-6727-4130-bf7b-aa78a1fc1087,12/09/1988,,999-84-1710,S99956152,X44201996X,Mrs.,Nina187,Schimmel523,,Ritchie555,M,white,english,F,Halifax MA US,8893 Mosciski Ports Suite 130 Bourne MA 02559 US,,,,,,,,,,,,,,,,
df3624af-de53-46a1-a63d-b822ee453414,02/01/1967,14/12/2014,999-63-4453,S99969605,FALSE,Mr.,Izaiah210,Welch327,,,M,white,italian,M,Braintree Town MA US,61970 Jefferey Radial Apt. 590 Dennis MA 02638 US,,,,,,,,,,,,,,,,
85331b4c-26ea-4020-ac88-30d839edb8c4,24/08/1934,03/09/1982,999-15-1270,S99977222,X21764179X,Mr.,Kaela293,Heaney703,,,M,white,portuguese,M,Lowell MA US,14421 Timothy Common Brewster MA 02631 US,,,,,,,,,,,,,,,,
311077c5-1590-48d8-8e13-bda715864053,29/06/1909,11/02/1953,999-72-3322,S99968184,X44288618X,Mr.,Ocie116,Ferry608,,,M,white,american,M,Marlborough MA US,852 Kara Ridges Dennis MA 02638 US,,,,,,,,,,,,,,,,
c88c03f1-f687-4990-a98e-2ba1396e15a9,03/05/1931,15/07/2001,999-33-1176,S99968686,X26916819X,Mr.,Sydnee912,Luettgen780,,,M,white,english,M,Kingston MA US,93829 Ross Extensions Eastham MA 02642 US,,,,,,,,,,,,,,,,
88b26af4-4291-474d-b2cb-b6304b71e2d7,09/06/1994,,999-97-3305,S99950628,FALSE,Ms.,Reilly602,Schamberger177,,,,white,irish,F,Wilmington MA US,811 Maryse Harbors Barnstable MA 02630 US,,,,,,,,,,,,,,,,
89b33619-7cc0-4233-b029-36b37472a78e,28/11/1933,,999-37-6346,S99967979,X30295933X,Mr.,Brittany988,Daugherty866,,,M,white,polish,M,Watertown Town MA US,52729 Block Locks Barnstable MA 02630 US,,,,,,,,,,,,,,,,
002d6c37-1862-47fc-9de9-eb89ef5387b4,26/04/1944,,999-68-9942,S99916631,X66986967X,Mrs.,Garfield809,Rutherford110,,Christiansen946,M,white,irish,F,Newburyport MA US,78554 Robyn Landing Apt. 321 Brewster MA 02631 US,,,,,,,,,,,,,,,,
1d8634ca-6b97-45da-ab7f-5b9f7a3a70f1,03/08/1953,06/12/2004,999-43-2257,S99954661,FALSE,Mr.,Domenic780,Buckridge255,,,M,white,french_canadian,M,Ware MA US,2147 Cruickshank Glens Brewster MA 02631 US,,,,,,,,,,,,,,,,
984c71bd-dadf-446a-9d35-01b6a091ba59,25/09/1953,11/12/1953,999-71-8927,,,,Sylvan729,Hansen74,,,,white,french_canadian,M,Amherst MA US,519 Stroman Radial Brewster MA 02631 US,,,,,,,,,,,,,,,,
5ae457e6-329e-49b7-8264-514bc8acb2b8,16/10/1953,,999-49-2607,S99934004,X69334465X,Mr.,Taurean33,Feeney538,,,S,white,american,M,Palmer Town MA US,25164 Alda Groves Bourne MA 02559 US,,,,,,,,,,,,,,,,
89a5cb02-fb67-4116-99c1-528b738a319d,02/07/1934,20/01/1958,999-60-7827,S99996715,FALSE,Mr.,Dana289,Hoppe300,,,,white,portuguese,M,Brookline MA US,89138 Delaney Spurs Brewster MA 02631 US,,,,,,,,,,,,,,,,
6e6d2100-111a-4ade-bb2c-bc805760cca2,27/12/1987,,999-37-8397,S99923507,FALSE,Mrs.,Foster480,Frami871,,Lynch576,M,asian,chinese,F,Winchester MA US,36636 Nettie Lake Suite 455 Chatham MA 02633 US,,,,,,,,,,,,,,,,
1f17b7e4-b4fa-4113-ba6b-f407f1a6c7ca,28/10/1916,27/07/1987,999-84-6896,S99922580,FALSE,Mrs.,Jennifer29,Weissnat992,,Blick189,M,white,polish,F,Hull MA US,64049 Fern Mount Apt. 976 Brewster MA 02631 US,,,,,,,,,,,,,,,,
0b5d6261-7189-4739-a999-50bb2259beee,08/11/1980,,999-56-4130,S99954142,X93838465X,Mr.,Tanner81,Medhurst372,,,S,asian,asian_indian,M,Revere MA US,245 Bradtke Forest Apt. 987 Chatham MA 02633 US,,,,,,,,,,,,,,,,
88924c44-3c8c-433e-b956-b65e183ed5be,19/05/1908,10/11/1953,999-57-9087,S99923028,FALSE,Mrs.,Beatrice80,Labadie734,,Reilly602,M,white,german,F,Medfield MA US,2681 Darrell Point Barnstable MA 02630 US,,,,,,,,,,,,,,,,
2449f532-5475-485a-bc26-089641a0421e,26/03/1940,09/01/2007,999-25-4158,S99933813,FALSE,Ms.,Jamel440,Wunsch254,,,S,white,french,F,East Bridgewater MA US,385 Braun Harbors Eastham MA 02642 US,,,,,,,,,,,,,,,,
918b0889-a2f2-4f5e-b21d-dff0990c721d,17/10/2008,,999-52-1491,,,,Timothy297,Nikolaus121,,,,white,irish,M,Bedford MA US,90563 Hammes Motorway Suite 933 Eastham MA 02642 US,,,,,,,,,,,,,,,,
877d1a7c-d005-41a9-bf64-a110ba03fbad,30/11/1966,,999-65-3354,S99938449,X17364605X,Mr.,Otto527,Veum951,,,M,white,italian,M,Brewster MA US,68024 Lang Road Dennis MA 02638 US,,,,,,,,,,,,,,,,
2a63094d-e5fa-463c-95a5-6869f7b79066,04/04/1958,,999-31-8146,S99960468,FALSE,Mrs.,Alejandrin802,Mann540,,Ruecker265,M,white,american,F,Boston MA US,31895 Tyreek Viaduct Dennis MA 02638 US,,,,,,,,,,,,,,,,
66644c0f-782f-4ad8-8504-3976aba40fba,23/11/2010,,999-42-5009,,,,Lucie243,Watsica156,,,,white,german,F,Watertown Town MA US,30948 Parisian Route Dennis MA 02638 US,,,,,,,,,,,,,,,,
75132f52-041d-4ea4-abe1-252f7be754f9,31/01/1953,05/12/2015,999-88-9346,S99973121,X27591123X,Mr.,Lucio342,Anderson350,,,M,white,irish,M,Bourne MA US,27122 Kassulke Overpass Barnstable MA 02630 US,,,,,,,,,,,,,,,,
7f7b8dc4-1c76-430d-bae6-80c0ddf72af1,17/10/1932,03/03/2003,999-26-9451,S99928285,FALSE,Mr.,Clyde124,Ledner563,,,M,white,polish,M,Northborough MA US,48126 Kilback Neck Bourne MA 02559 US,,,,,,,,,,,,,,,,
575320d3-cbe2-4535-a336-677784f55209,08/07/2000,,999-82-8414,S99923649,,,Ally301,Bergstrom813,,,,white,english,F,Boston MA US,7813 Dayton Crossroad Eastham MA 02642 US,,,,,,,,,,,,,,,,
3a2e82ae-7c96-4e2f-b2d0-b82c20c61c4f,10/06/1966,,999-68-7001,S99941038,X20425858X,Mr.,Armand426,Parisian795,,,S,white,italian,M,Amesbury Town MA US,647 Heidenreich Parks Suite 642 Chatham MA 02633 US,,,,,,,,,,,,,,,,
b8606299-6452-426a-9f28-39dfa90f89d5,13/08/2009,,999-33-4000,,,,Danika152,Will523,,,,white,german,M,Tyngsborough MA US,229 Franz Corners Suite 875 Barnstable MA 02630 US,,,,,,,,,,,,,,,,
8c0ff58a-13e3-499a-901f-1f5fd3511928,23/05/1997,,999-25-8383,S99960597,X76845585X,Ms.,Yolanda107,Stark492,,,,white,irish,F,Chicopee MA US,7303 Turcotte Union Dennis MA 02638 US,,,,,,,,,,,,,,,,
a6b4a7fc-1486-4f1f-adc6-0ac12250d71b,16/12/1934,07/10/1984,999-81-6802,S99924758,X92390635X,Mr.,Alfonso418,Quigley689,,,S,white,portuguese,M,Barre MA US,602 Kozey Valley Apt. 486 Brewster MA 02631 US,,,,,,,,,,,,,,,,
c4f3efee-0cdb-4170-9967-2e16dfa49c42,01/02/1960,,999-16-4974,S99935086,FALSE,Mr.,Gabe909,Jerde959,,,M,white,german,M,Braintree Town MA US,65796 Cortez Station Suite 469 Eastham MA 02642 US,,,,,,,,,,,,,,,,
cb81c06b-c6d4-4163-a462-ea9e415877e3,26/09/1975,,999-12-7472,S99914822,X87131466X,Mrs.,Manuel934,O'Reilly368,,Hammes374,M,white,irish,F,Norfolk MA US,156 Stiedemann Park Apt. 923 Chatham MA 02633 US,,,,,,,,,,,,,,,,
f3ec55f6-6554-4b41-a81f-0921363525a3,22/11/1981,,999-40-3603,S99955364,X92250970X,Mr.,Kaylie117,Denesik641,,,M,white,polish,M,Boston MA US,531 Harvey Manors Suite 781 Chatham MA 02633 US,,,,,,,,,,,,,,,,
45e0cd99-c282-4fc1-9948-5eb3ab0dbba1,08/03/2006,,999-65-1633,,,,Dora513,Hoppe300,,,,white,swedish,F,Chelsea MA US,529 Davis Stravenue Barnstable MA 02630 US,,,,,,,,,,,,,,,,
6c08fe6f-a1ae-4ad8-9982-bae25885c923,21/11/1953,,999-29-9647,S99965020,FALSE,Mr.,Destiney213,Nolan207,,,M,white,french_canadian,M,Lawrence MA US,862 Cartwright Mews Brewster MA 02631 US,,,,,,,,,,,,,,,,
7cf7305d-cd83-46d9-85c8-f97593011ee3,19/12/1935,,999-51-7699,S99992011,FALSE,Mr.,Evert722,Daniel706,,,M,white,american,M,Revere MA US,416 Lon Hollow Chatham MA 02633 US,,,,,,,,,,,,,,,,
eabb45ae-7b0b-4192-9905-55d6ada00ffd,16/10/1909,05/05/1988,999-76-3671,S99978839,FALSE,Mr.,Westley543,Ruecker265,,,M,white,american,M,Boston MA US,8247 Schuppe Estates Suite 253 Dennis MA 02638 US,,,,,,,,,,,,,,,,
c8c1ed30-33e6-4031-bdab-4b0f6d284640,23/08/1954,,999-94-7465,S99977230,FALSE,Mrs.,Eldridge491,Strosin15,,Zboncak48,M,white,irish,F,Boston MA US,9486 Giles Green Apt. 578 Eastham MA 02642 US,,,,,,,,,,,,,,,,
45d64e24-d63e-4648-893c-0dae7f393399,27/04/2010,,999-12-2478,,,,Yolanda107,Weimann43,,,,white,german,F,Easton MA US,3703 Zieme Keys Suite 437 Barnstable MA 02630 US,,,,,,,,,,,,,,,,
2cf1e686-28ac-4348-8546-e28687c0ac06,10/06/1937,,999-35-7670,S99944960,X53289031X,Mrs.,Ursula506,Kuphal267,,Kunde709,M,white,english,F,Hull MA US,7029 Jerde Haven Bourne MA 02532 US,,,,,,,,,,,,,,,,
5763a977-64e1-4c4d-8e82-05cb433f153a,31/03/1931,,999-64-6693,S99999706,FALSE,Mr.,Elvis595,Hoppe300,,,S,white,english,M,Cambridge MA US,2157 Buster Ports Eastham MA 02642 US,,,,,,,,,,,,,,,,
392716db-4e28-4b0c-95f6-c1285478cb4b,29/08/1952,,999-87-9766,S99928007,FALSE,Mr.,Glen694,Adams180,,,M,white,irish,M,Quincy MA US,7172 Jalen Plaza Barnstable MA 02630 US,,,,,,,,,,,,,,,,
37667637-6ecf-46de-88b6-2304f5853766,14/08/1932,06/02/1990,999-80-2827,S99911218,FALSE,Mr.,Mylene994,Carroll658,,,M,white,polish,M,Salem MA US,22227 Virginie Crest Bourne MA 02532 US,,,,,,,,,,,,,,,,
a3e64af5-1589-4f14-91de-9611566b8d53,19/02/1929,04/09/2001,999-53-1559,S99942466,X19518741X,Mrs.,Devin788,Mayer574,,Mueller682,M,white,german,F,Lexington MA US,94072 Purdy Freeway Suite 853 Barnstable MA 02630 US,,,,,,,,,,,,,,,,
a1c2c3fc-d177-4be3-81d0-fb2490b4b7c9,28/05/1980,,999-69-7507,S99965205,X97274991X,Mrs.,Heloise663,Schuppe795,,Treutel576,M,white,german,F,Raynham MA US,3762 Weber Avenue Suite 351 Chatham MA 02633 US,,,,,,,,,,,,,,,,
32ed4be9-e39d-4e63-9bd7-436e2f8f1703,04/10/1976,,999-71-5022,S99963344,X62325352X,Mr.,Clint195,Lynch576,,,M,white,french,M,Arlington MA US,500 Justice Heights Suite 515 Brewster MA 02631 US,,,,,,,,,,,,,,,,
2913b40c-599a-46d7-9845-6d30cadcfeca,23/06/1975,,999-84-8068,S99988964,FALSE,Ms.,Bernard100,Denesik641,,,S,white,american,F,Worcester MA US,56446 Champlin Spring Brewster MA 02631 US,,,,,,,,,,,,,,,,
52b4bc2c-f868-4b68-850e-a5b46f084ccb,09/11/1939,,999-47-9121,S99956170,FALSE,Ms.,Manuela161,Parker58,,,S,white,french,F,Everett MA US,428 Sammy Ports Eastham MA 02642 US,,,,,,,,,,,,,,,,
216c7f4b-6f98-463e-8745-3c6fdcb292b4,20/03/1917,29/04/2008,999-80-4715,S99961413,FALSE,Mrs.,Ressie640,Stracke175,,Quitzon392,M,white,polish,F,Tyngsborough MA US,7294 Predovic Brook Brewster MA 02631 US,,,,,,,,,,,,,,,,
07c9e5c0-290d-4ae5-95b3-2c69738e1cd1,03/10/1911,07/12/1964,999-21-6990,S99939785,FALSE,Mr.,Efrain21,Berge315,,,M,white,irish,M,Southbridge Town MA US,628 Loma Lodge Brewster MA 02631 US,,,,,,,,,,,,,,,,
8da8755e-ad65-44fc-be45-26f5513a9879,01/05/1945,11/06/2004,999-89-6408,S99951289,FALSE,Mr.,Trycia511,Reynolds922,,,M,white,polish,M,Boston MA US,1925 Edythe Squares Eastham MA 02642 US,,,,,,,,,,,,,,,,
5c89d642-c46d-4aae-9943-82bb3464f024,10/05/1936,19/01/1997,999-11-1005,S99981858,X87940449X,Mr.,Letha930,Osinski65,,,M,white,american,M,Norwood MA US,857 Emmerich Tunnel Apt. 303 Chatham MA 02633 US,,,,,,,,,,,,,,,,
a4af59d1-48f8-4148-8ae3-607806dddcd2,14/06/1955,,999-54-8765,S99983272,X99828002X,Mrs.,Ursula506,Jacobi311,,Jakubowski657,M,white,french_canadian,F,Weymouth Town MA US,821 Sandrine Rapid Brewster MA 02631 US,,,,,,,,,,,,,,,,
32843f65-9c5a-4441-bf0d-8c86caff4132,22/05/1951,15/01/2002,999-59-2974,S99947016,X49820881X,Mr.,Vicente84,Murazik235,,,M,white,german,M,Swansea MA US,697 Stokes Pine Barnstable MA 02630 US,,,,,,,,,,,,,,,,
50f8a95e-3a38-4859-a904-8a103485db2e,28/03/1948,,999-46-8121,S99976553,X47818973X,Mr.,Wendy582,Lang840,,,M,white,american,M,Worcester MA US,25217 Schmeler Path Dennis MA 02638 US,,,,,,,,,,,,,,,,
4b337d7d-7ee0-4619-9324-647daca88f70,27/05/1935,07/10/2013,999-65-8078,S99924720,FALSE,Mr.,Emerson223,Lynch576,,,M,white,portuguese,M,Boston MA US,64199 Keanu Parkway Brewster MA 02631 US,,,,,,,,,,,,,,,,
66b87c7b-753f-4744-a08f-64d20ee9618b,01/12/1954,05/06/2013,999-95-3126,S99947451,X49270977X,Mr.,Irma755,Rowe334,,,M,white,italian,M,Watertown Town MA US,426 Nitzsche Green Apt. 194 Barnstable MA 02630 US,,,,,,,,,,,,,,,,
ead04798-4e62-4d68-a898-dcb7fc6e3ee5,08/04/1982,,999-76-2688,S99964701,FALSE,Mr.,Keira420,Hagenes567,,,M,white,american,M,Uxbridge MA US,9768 Homenick Locks Suite 459 Chatham MA 02633 US,,,,,,,,,,,,,,,,
0eb1339b-4847-4eba-a1d5-aa25986ff75f,04/10/1998,,999-86-5764,S99985818,,Mr.,Hayden552,Dare819,,,,white,italian,M,Waltham MA US,64723 Leuschke Lights Dennis MA 02638 US,,,,,,,,,,,,,,,,
04c494f2-9782-4149-8e7e-d78e432fe00c,30/10/1909,13/01/1990,999-95-7022,S99964895,FALSE,Mr.,Thad47,Barton351,,,M,white,american,M,Medfield MA US,13787 Anahi Wells Dennis MA 02638 US,,,,,,,,,,,,,,,,
07396d5f-7107-45a3-b9f2-b15cd3cdfccc,20/01/1966,,999-14-3580,S99966166,X13725441X,Mrs.,Nettie123,Frami871,,Fisher354,M,white,irish,F,Brockton MA US,631 Ferry View Suite 246 Barnstable MA 02630 US,,,,,,,,,,,,,,,,
b587dc44-1353-4599-9f4d-09839871cf8f,18/06/1956,,999-92-8588,S99991254,X49271645X,Mr.,Jacinthe388,Ward255,,,S,white,french,M,Danvers MA US,9675 Graham Overpass Barnstable MA 02630 US,,,,,,,,,,,,,,,,
4dbaf0b9-eeab-4612-9a4a-c1832577f142,19/05/1948,30/07/2014,999-50-8357,S99945201,X79226048X,Mr.,Sage1,Leannon102,,,M,white,irish,M,Bolton MA US,88636 Nicolas Via Suite 758 Eastham MA 02642 US,,,,,,,,,,,,,,,,
b95d1b80-ce24-4112-9de7-0c3198f0ae57,25/07/1932,23/10/1989,999-79-7786,S99965246,X79212866X,Mr.,Anne110,Mayert381,,,M,white,polish,M,Montague MA US,504 Polly Mews Apt. 466 Bourne MA 02532 US,,,,,,,,,,,,,,,,
968ee427-50e9-4ab6-81ba-4cb032b7550f,21/10/1965,,999-22-3361,S99932962,X97982114X,Mrs.,Florine90,Abernathy746,,Homenick118,M,white,portuguese,F,Gardner MA US,660 Darwin Ville Suite 827 Chatham MA 02633 US,,,,,,,,,,,,,,,,
152831f3-09aa-4b88-893c-e899e79ecbc4,19/02/1917,21/10/1974,999-27-7617,S99938542,X83171102X,Mrs.,Delphia707,Smith847,,Waelchi310,M,white,polish,F,Framingham MA US,417 Smitham Forks Apt. 805 Brewster MA 02631 US,,,,,,,,,,,,,,,,
d9ddd525-4d96-416b-830c-4b115d20c9c1,30/05/1951,29/08/1990,999-72-9802,S99920278,X40346727X,Mr.,Anika160,Borer438,,,M,white,german,M,Cambridge MA US,2402 Quinn Haven Apt. 589 Barnstable MA 02630 US,,,,,,,,,,,,,,,,
68f984af-8bd8-4f31-b153-55b0878285ab,28/02/1952,,999-71-1686,S99919293,FALSE,Mr.,Adele964,Altenwerth673,,,M,white,american,M,Somerville MA US,641 Norris Crescent Chatham MA 02633 US,,,,,,,,,,,,,,,,
c141800c-ec49-4a59-bb8a-becfbe907562,11/02/1933,14/06/1947,999-68-7231,,,,Itzel353,Keebler235,,,,white,polish,M,Needham MA US,3870 Effertz Hollow Bourne MA 02559 US,,,,,,,,,,,,,,,,
88beb5e2-cb9c-4644-88eb-70a166582a48,07/04/1955,19/10/2000,999-60-2457,S99970056,X66476673X,Mr.,Jovany787,O'Conner125,,,S,white,italian,M,Salisbury MA US,108 Adams Skyway Suite 999 Barnstable MA 02630 US,,,,,,,,,,,,,,,,
c8d131ba-7f94-46bf-ac61-5d1039f05f9d,01/01/1964,,999-51-7271,S99936593,FALSE,Mr.,Roscoe324,Witting337,,,S,white,irish,M,Hopkinton MA US,8221 Haven Brook Apt. 217 Dennis MA 02638 US,,,,,,,,,,,,,,,,
e5fc733b-74c3-4cc1-9332-4e2b09a89adc,24/03/1976,,999-30-5072,S99992078,X14091713X,Mr.,Doyle678,Auer76,,,S,white,polish,M,Cambridge MA US,11692 Swaniawski Mall Chatham MA 02633 US,,,,,,,,,,,,,,,,
5c0b3305-6d33-4b69-a0f4-a71bdeb566df,07/08/1928,07/02/2008,999-22-9922,S99965745,FALSE,Mrs.,Faustino869,O'Connell35,,Powlowski414,M,white,german,F,Haverhill MA US,17691 Katlyn Spurs Suite 740 Barnstable MA 02630 US,,,,,,,,,,,,,,,,
9f8fc33b-5454-4f8f-96f9-a80a52e41fd1,28/10/1975,,999-26-8594,S99943088,FALSE,Mrs.,Chasity742,Kulas605,,Cruickshank782,M,white,irish,F,Braintree Town MA US,4806 Corwin Burgs Dennis MA 02638 US,,,,,,,,,,,,,,,,
6bfaf5f9-0459-4d96-a533-dc7f10d52d07,09/12/1934,24/01/1999,999-33-2570,S99980703,X19894302X,Mr.,Isabel608,Emard123,,,M,white,portuguese,M,North Andover MA US,393 Gust Terrace Brewster MA 02631 US,,,,,,,,,,,,,,,,
a79cde30-1b34-497e-843d-3e897acd0944,18/04/1910,06/04/1954,999-73-1286,S99937868,FALSE,Mr.,Kaylah704,Green619,,,M,white,american,M,Uxbridge MA US,715 Elias Shores Suite 374 Dennis MA 02638 US,,,,,,,,,,,,,,,,
d8e7be4a-de8a-440f-ab6b-6cb7a8b2fbac,03/05/1973,,999-69-8907,S99944953,X68542967X,Mr.,Cary515,Herman911,,,M,white,portuguese,M,Granby MA US,876 Harmon Meadow Chatham MA 02633 US,,,,,,,,,,,,,,,,
055e9309-b16f-4ba7-8d5e-1961b1f44857,13/09/1937,19/11/1984,999-27-8477,S99964898,X25411365X,Mr.,Alyce198,Schroeder130,,,S,white,english,M,Salem MA US,886 Sanford Rapid Apt. 796 Barnstable MA 02630 US,,,,,,,,,,,,,,,,
c932d004-ae1c-42c0-a3f4-c0a62eba0048,24/01/1912,17/04/1985,999-13-9363,S99937421,X28731252X,Mr.,Breanne621,Walter251,,,S,white,irish,M,Fall River MA US,952 Zulauf Trail Brewster MA 02631 US,,,,,,,,,,,,,,,,
11bc2be5-ab62-4c4f-a321-cc66537569be,08/01/1945,,999-14-4241,S99956228,FALSE,Mr.,Coty2,Rodriguez388,,,M,white,polish,M,Salisbury MA US,587 Lesch Key Apt. 530 Eastham MA 02642 US,,,,,,,,,,,,,,,,
0a8d044b-a828-43eb-a505-28d3ba3d204e,26/08/1935,,999-35-4503,S99918277,FALSE,Mr.,Carolanne393,Kohler54,,,M,white,american,M,Weymouth Town MA US,4230 Salvador Course Suite 925 Chatham MA 02633 US,,,,,,,,,,,,,,,,
bd51a1f5-68cb-4a56-a584-b30a41ac6a3f,08/04/1993,,999-58-1828,S99959275,FALSE,Ms.,Reina326,Lemke797,,,,white,french_canadian,F,Newton MA US,3433 Zulauf Road Suite 902 Chatham MA 02633 US,,,,,,,,,,,,,,,,
1848f390-198b-4c5a-b424-1765bda53334,12/09/2015,,999-19-9713,,,,Jane858,Zulauf284,,,,white,english,M,Boston MA US,380 Edwina Lane Dennis MA 02638 US,,,,,,,,,,,,,,,,
0de443fb-a000-4bfa-8f9f-dd2ab597aa9e,02/10/1947,04/05/2017,999-37-3116,S99915942,FALSE,Mr.,Neva351,Hudson688,,,M,white,irish,M,Hubbardston MA US,455 Jesse Falls Eastham MA 02642 US,,,,,,,,,,,,,,,,
0d6f2e1a-2a84-421d-8d2f-c788e38da2cb,10/09/1950,03/09/2006,999-82-9936,S99931791,FALSE,Mr.,Hilton103,Erdman844,,,M,white,german,M,Buckland MA US,3056 Alicia Coves Barnstable MA 02630 US,,,,,,,,,,,,,,,,
ba57f96c-de73-4663-ad99-109d01bfb054,13/08/1961,,999-52-6713,S99998645,FALSE,Mrs.,Malika938,Schmidt882,,Schmidt882,M,white,italian,F,Fitchburg MA US,317 Karlie Mountain Apt. 649 Chatham MA 02633 US,,,,,,,,,,,,,,,,
c2cdde7c-942d-4a8d-8039-bdbfce6caf25,18/09/1956,,999-66-5340,S99989991,FALSE,Mr.,Ashly980,Haag961,,,M,white,scottish,M,Marlborough MA US,59016 Damon Burgs Apt. 153 Chatham MA 02633 US,,,,,,,,,,,,,,,,
f02a6ec4-4b71-403e-91cf-af4df8f2ee57,22/12/2001,,999-55-4980,,,,Clay857,Hintz477,,,,white,french,F,Franklin Town MA US,483 Winifred Vista Suite 751 Dennis MA 02638 US,,,,,,,,,,,,,,,,
1f0f5190-b918-4cad-ba30-c90a2387c958,11/07/1954,,999-69-3192,S99919182,X22174989X,Mr.,Mariela273,Borer438,,,M,white,italian,M,Pittsfield MA US,6926 Retha Village Barnstable MA 02630 US,,,,,,,,,,,,,,,,
645fe7d1-c339-4428-8751-db6c07e5915d,11/02/1962,29/02/2016,999-18-3871,S99926208,X53730118X,Mr.,Osvaldo639,Bayer843,,,M,white,italian,M,Lowell MA US,535 Ratke Cliff Apt. 694 Chatham MA 02633 US,,,,,,,,,,,,,,,,
7a0d917b-19ee-4fb3-9b9e-14fc96f0fc49,13/04/1929,09/09/1986,999-81-7681,S99977479,X60045481X,Mrs.,Pascale883,McLaughlin892,,Harber282,M,white,german,F,Sandwich MA US,339 Bailey Row Apt. 536 Barnstable MA 02630 US,,,,,,,,,,,,,,,,
8d4c4cbe-a9a0-4ff3-ac42-ce0539b3c49b,16/06/1916,22/06/1994,999-56-2990,S99986640,FALSE,Mrs.,Delaney454,Keeling487,,Rolfson110,M,white,polish,F,Somerville MA US,655 Nyah Union Suite 105 Brewster MA 02631 US,,,,,,,,,,,,,,,,
a37a71dd-41c6-4e59-a7cf-8822fff2e64e,29/04/2007,,999-14-1532,,,,Holden389,Schoen119,,,,asian,chinese,F,Springfield MA US,9245 Bradtke Keys Apt. 984 Chatham MA 02633 US,,,,,,,,,,,,,,,,
6a295c5f-0909-4788-b0f5-42f08535f9b0,22/07/1956,01/03/2010,999-35-8715,S99979244,X14946262X,Mrs.,Eriberto216,Heaney703,,Wiegand160,M,white,french,F,Quincy MA US,63719 Schroeder Fords Dennis MA 02638 US,,,,,,,,,,,,,,,,
266f6956-50ab-4072-9340-2d39ca7554d3,25/08/1937,07/06/1989,999-85-5053,S99966607,FALSE,Mr.,Milan877,Nader776,,,M,white,english,M,Pepperell MA US,8442 Ida Fords Barnstable MA 02630 US,,,,,,,,,,,,,,,,
49a398e6-732b-4508-b971-eb28fe724898,10/08/1963,,999-53-3655,S99973509,X66176153X,Mrs.,Elvis595,Oberbrunner974,,Harris827,M,white,french,F,Auburn MA US,632 Geraldine Heights Dennis MA 02638 US,,,,,,,,,,,,,,,,
f0149f92-8965-49ad-915f-449ffdfd01f8,15/03/1933,,999-15-5231,S99968814,X96725635X,Mr.,Lewis608,Murazik235,,,M,white,polish,M,Holden MA US,93108 Adams Locks Bourne MA 02559 US,,,,,,,,,,,,,,,,
902ae1a1-f42d-4546-bc08-fb50e1f50204,19/08/1911,05/12/1981,999-91-5562,S99934563,FALSE,Mr.,Astrid134,Block261,,,S,white,irish,M,Lynn MA US,392 Leuschke Mews Brewster MA 02631 US,,,,,,,,,,,,,,,,
531fd9c5-57a6-4ea4-9965-4714eed3a38d,30/10/1947,17/06/2003,999-82-5998,S99959551,FALSE,Mr.,Peter969,Torphy357,,,M,white,french_canadian,M,Boston MA US,618 Esteban Ranch Suite 605 Dennis MA 02638 US,,,,,,,,,,,,,,,,
a66068ed-1a59-4d5b-86f6-3f0d8d9158f8,07/09/1909,07/01/1997,999-63-7526,S99953050,FALSE,Mr.,Elmira998,Bailey579,,,M,white,american,M,Quincy MA US,23089 Gerard Haven Apt. 133 Dennis MA 02638 US,,,,,,,,,,,,,,,,
d45e3de1-757a-4ea5-bcab-f6247c03ec1e,31/08/1934,30/10/2009,999-50-5822,S99985703,X15010845X,Ms.,Reina326,Moen568,,,S,white,italian,F,Lincoln MA US,784 Mertz Manor Chatham MA 02633 US,,,,,,,,,,,,,,,,
244db561-ba98-4316-a029-481f86c1b667,23/01/1947,18/07/2000,999-86-8478,S99996553,X84850814X,Mr.,Burley801,Bartoletti882,,,M,white,scottish,M,Peabody MA US,997 Lila Street Eastham MA 02642 US,,,,,,,,,,,,,,,,
76f1f45f-3652-4283-a303-bd506a0825a9,15/12/1936,,999-73-7093,S99975412,X84460903X,Mrs.,Kenyatta428,Murazik235,,Prohaska228,M,white,english,F,Foxborough MA US,4247 Briana Mills Apt. 909 Chatham MA 02633 US,,,,,,,,,,,,,,,,
6d150afc-b5fa-41c2-b43f-d0426eb8e87f,17/07/1950,02/05/2016,999-31-2280,S99934879,FALSE,Mr.,Savannah699,Nikolaus121,,,M,white,german,M,Amesbury Town MA US,964 Iva River Barnstable MA 02630 US,,,,,,,,,,,,,,,,
d397193e-eb4f-455e-9125-7864b99b75bc,10/01/1962,,999-88-1227,S99974740,FALSE,Mr.,Marianne602,Wiegand160,,,M,white,italian,M,Brookline MA US,365 Mante Meadows Apt. 270 Chatham MA 02633 US,,,,,,,,,,,,,,,,
ba47db94-dfe8-4789-93bc-90af9e6d274b,15/10/1947,,999-46-8561,S99934795,FALSE,Mr.,Aron818,Abernathy746,,,M,white,irish,M,Canton MA US,88088 Nico Village Apt. 651 Eastham MA 02642 US,,,,,,,,,,,,,,,,
0a6fcd4d-192f-496b-80e6-0c63c0012726,19/06/1937,,999-40-5516,S99955730,X58374778X,Mrs.,Oliver90,Yost319,,Price694,M,white,french_canadian,F,Braintree Town MA US,567 Loma Expressway Dennis MA 02638 US,,,,,,,,,,,,,,,,
82d827ad-f909-4323-86b8-99b0b57d84b9,28/09/1940,,999-67-7467,S99917794,X54639232X,Mr.,Darby103,Will523,,,S,white,french,M,Amherst MA US,24161 O'Reilly Mission Suite 181 Dennis MA 02638 US,,,,,,,,,,,,,,,,
6b564823-24c2-49b8-a715-082b3343f661,13/10/1994,,999-14-5943,S99938322,X58988707X,Ms.,Hillary429,Senger856,,,,white,english,F,Shirley MA US,8740 Lubowitz Isle Apt. 876 Eastham MA 02642 US,,,,,,,,,,,,,,,,
2e7ffa9b-5ba4-4b81-b39a-00c2a184df22,11/02/1971,,999-13-8543,S99920942,FALSE,Mr.,Lambert223,Bergstrom813,,,M,white,irish,M,Somerville MA US,6888 Ezequiel Cove Bourne MA 02559 US,,,,,,,,,,,,,,,,
c962d174-cacf-4937-818f-a2923827cd0c,19/12/1946,17/12/1970,999-64-5412,S99972560,FALSE,Mr.,Jane858,Schulist336,,,,white,scottish,M,Springfield MA US,645 Pacocha Plaza Apt. 216 Eastham MA 02642 US,,,,,,,,,,,,,,,,
9807ecf6-b73f-4668-8dcd-5cb1e8cba2c5,02/01/1932,14/08/1993,999-84-6004,S99947292,FALSE,Mrs.,Jordy342,Toy38,,Langworth348,M,white,polish,F,Millbury MA US,1777 Orland Hollow Apt. 286 Brewster MA 02631 US,,,,,,,,,,,,,,,,
2919d103-0506-4cf7-89a9-41d04b777203,16/10/1961,31/08/1987,999-54-3711,S99947647,X48611187X,Mr.,Lura250,Schmitt349,,,,white,italian,M,Medford MA US,691 Waters Road Apt. 927 Chatham MA 02633 US,,,,,,,,,,,,,,,,
2e9664eb-5e0f-48d6-a0dd-aa5aedfb49e8,26/08/1956,,999-87-9497,S99999216,X46719940X,Mrs.,Lawson526,Bogisich844,,Rice809,M,white,french,F,Gloucester MA US,83095 Reinger Square Dennis MA 02638 US,,,,,,,,,,,,,,,,
cabb9e95-73ce-4520-9bf2-0d9203a02206,12/08/1934,31/08/1969,999-86-6677,S99996271,X37572977X,Mrs.,Joyce318,Robel771,,VonRueden892,M,white,italian,F,Hanson MA US,632 Ramiro Expressway Apt. 322 Chatham MA 02633 US,,,,,,,,,,,,,,,,
d25696f5-a53f-4286-b9b7-7ab0d5715b10,14/07/1937,07/02/2001,999-57-3148,S99988848,X49474266X,Mrs.,Richmond360,Denesik641,,Denesik641,M,white,italian,F,Boston MA US,161 West Haven Eastham MA 02642 US,,,,,,,,,,,,,,,,
95c49ca0-d55d-4523-bea0-fb64a248a8a5,08/09/1928,18/03/2006,999-92-7912,S99941961,FALSE,Ms.,Gwen996,Murazik235,,,S,white,german,F,Stoughton MA US,4853 Roberts Inlet Suite 996 Barnstable MA 02630 US,,,,,,,,,,,,,,,,
588f8e33-576e-4927-b30d-fa6707e37915,05/05/1948,03/04/1996,999-31-8560,S99996632,X66116659X,Mr.,Benjamin231,Howe75,,,M,white,french_canadian,M,Chelmsford MA US,95905 Dawn Isle Suite 153 Dennis MA 02638 US,,,,,,,,,,,,,,,,
63196e16-e8eb-473f-a974-c21590b388e3,29/09/1937,,999-51-8903,S99990771,FALSE,Mr.,Nikita226,Wolff140,,,M,white,english,M,Wakefield MA US,35279 Ephraim Ford Barnstable MA 02630 US,,,,,,,,,,,,,,,,
efa0883d-5c78-46be-9866-c5cdcee497c8,27/08/1926,15/10/1982,999-95-1014,S99982994,X94230494X,Mr.,Anita76,Hauck878,,,M,white,american,M,Boston MA US,47294 Adam Stream Apt. 702 Dennis MA 02638 US,,,,,,,,,,,,,,,,
37d9d57d-9e75-4b40-9056-c9cad0922fc5,03/04/1912,25/03/1981,999-89-7737,S99920066,FALSE,Mr.,Deja348,Mante943,,,S,white,irish,M,Barnstable Town MA US,3526 Von Mountain Brewster MA 02631 US,,,,,,,,,,,,,,,,
131c2561-196c-4f0a-bb8b-bb74a96e21d2,23/05/1935,,999-23-4435,S99921824,X82445750X,Mrs.,Emilia671,Swaniawski131,,Dickens899,M,white,russian,F,Hudson MA US,6808 Goodwin Plaza Suite 795 Eastham MA 02642 US,,,,,,,,,,,,,,,,
39e91519-1d23-4015-9fe7-dd4dc4edaaaf,10/01/2012,,999-79-1496,,,,Adrian442,Marvin851,,,,white,polish,F,Medfield MA US,381 Corwin Ports Suite 558 Dennis MA 02638 US,,,,,,,,,,,,,,,,
dffbf0da-ec73-4287-b097-4cdb1dcb8c6d,01/11/1978,,999-43-4717,S99959899,X42849994X,Mr.,Ethyl117,Gusikowski964,,,M,white,irish,M,Melrose MA US,68946 Schaden Burg Chatham MA 02633 US,,,,,,,,,,,,,,,,
3b8b8a2c-40f8-4634-9cf1-c0082d339dec,23/10/1950,,999-87-8514,S99971845,FALSE,Mr.,Ruth765,Stokes935,,,M,white,german,M,Hull MA US,84995 Torphy Points Barnstable MA 02630 US,,,,,,,,,,,,,,,,
4477d233-a2c9-43bb-ac4b-64a6189ac20e,10/11/1936,18/06/2002,999-39-4890,S99982150,FALSE,Mr.,Madilyn109,Considine342,,,S,asian,asian_indian,M,Dartmouth MA US,855 Brakus Gardens Apt. 642 Eastham MA 02642 US,,,,,,,,,,,,,,,,
fcc13ae8-31e4-4d7c-9e97-65a563388a1b,24/03/1990,,999-52-3636,S99917509,FALSE,Mrs.,Eldridge491,Lebsack415,,Rutherford110,M,white,german,F,Whitman MA US,37594 Adams Valleys Barnstable MA 02630 US,,,,,,,,,,,,,,,,
96f545a0-9820-4adc-b99c-0b435f9ea9ae,30/07/1946,19/12/2000,999-53-9507,S99924529,X25377795X,Mr.,Emilio793,Pollich676,,,M,white,scottish,M,Lynn MA US,57653 Greenfelder Expressway Eastham MA 02642 US,,,,,,,,,,,,,,,,
c013e0c2-a778-48f1-9834-e84d670b7305,23/01/1991,,999-59-8027,S99936538,X38703192X,Mr.,Loy295,Grimes456,,,,white,irish,M,Plymouth MA US,6591 Feil Overpass Dennis MA 02638 US,,,,,,,,,,,,,,,,
86b53927-6f73-45a2-9269-aeb4f6cc402f,01/10/1956,,999-16-8625,S99952266,FALSE,Ms.,Sylvan729,Turner411,,,S,black,african,F,Townsend MA US,87566 Purdy Rapid Suite 644 Eastham MA 02642 US,,,,,,,,,,,,,,,,
8aa4830c-28de-41e4-a163-067218cf3c48,31/01/1962,,999-27-1653,S99990512,X23498153X,Mr.,Graham737,Durgan203,,,M,white,italian,M,Peabody MA US,1761 Miller Fords Suite 207 Chatham MA 02633 US,,,,,,,,,,,,,,,,
b7efafde-a9e1-4037-9a70-5e6a8c51ca5e,16/10/2012,,999-62-4033,,,,Mireille72,Lueilwitz716,,,,white,irish,F,Freetown MA US,502 Garnett Island Dennis MA 02638 US,,,,,,,,,,,,,,,,
35fc1877-702b-4f67-b57b-52807aec651d,21/11/1950,31/05/2011,999-34-5990,S99987005,FALSE,Mrs.,Rex618,Purdy145,,Huels628,M,white,irish,F,West Springfield Town MA US,41179 Jerrold Coves Apt. 643 Eastham MA 02642 US,,,,,,,,,,,,,,,,
11e3fcb1-3f2e-4406-915b-05f1b125173b,15/08/1958,,999-32-1566,S99924886,X79372524X,Mrs.,River543,Kilback494,,Reichert456,M,white,portuguese,F,Weston MA US,6316 Williamson Shore Dennis MA 02638 US,,,,,,,,,,,,,,,,
4f47892d-7985-4b64-aff2-e838eeb495e5,09/01/1995,,999-25-9705,S99927678,X43417737X,Ms.,Tania632,Jacobson284,,,,white,italian,F,Framingham MA US,732 Huels Terrace Suite 590 Barnstable MA 02630 US,,,,,,,,,,,,,,,,
581d9368-9a31-495a-8163-0b05af5f394b,23/11/2003,,999-52-6551,,,,Lexi558,Bernhard843,,,,hispanic,mexican,M,Somerset MA US,478 Leif Rue Chatham MA 02633 US,,,,,,,,,,,,,,,,
6dff83c9-52d7-41a2-b7ea-0d863c75bab7,29/10/1934,18/12/2000,999-74-4028,S99998756,FALSE,Mrs.,Morgan434,Casper135,,Ebert604,M,white,italian,F,Yarmouth MA US,76207 Sofia Run Chatham MA 02633 US,,,,,,,,,,,,,,,,
be864b13-f3ef-4d86-a1ea-8baedae553e4,11/02/1938,26/08/1994,999-40-6509,S99980348,FALSE,Mrs.,Jonathan787,Gleichner481,,DuBuque399,M,white,italian,F,Revere MA US,1550 Anastacio Plain Apt. 558 Eastham MA 02642 US,,,,,,,,,,,,,,,,
b7d8fdc3-3966-425e-9196-e889e82749b2,02/01/1948,,999-74-4133,S99951552,FALSE,Mr.,Alda969,Stracke175,,,M,white,french_canadian,M,Boston MA US,28528 Marlin Plains Dennis MA 02638 US,,,,,,,,,,,,,,,,
dd9be5b3-ceb3-43d7-8ae6-b361cad463e3,09/07/1969,,999-18-3657,S99972963,X63445611X,Mr.,Aubree191,Kautzer530,,,M,white,irish,M,Boston MA US,81201 Pacocha Plain Dennis MA 02638 US,,,,,,,,,,,,,,,,
3d81fc02-6bff-4ad6-a964-b2b6a6e0b48e,20/07/1995,,999-98-2124,S99991240,X94316122X,Mr.,Rex618,Heidenreich612,,,,white,german,M,Springfield MA US,899 Hagenes Island Apt. 352 Dennis MA 02638 US,,,,,,,,,,,,,,,,
a83c2f1e-9b47-436b-8544-348338af3e58,13/04/1966,,999-48-5624,S99963291,FALSE,Mr.,Janessa957,Pouros815,,,M,white,irish,M,Needham MA US,338 Erin Place Barnstable MA 02630 US,,,,,,,,,,,,,,,,
71a8bbd3-77ce-4fb8-9cd3-78843801d8d8,30/07/1942,,999-93-5744,S99952728,FALSE,Mrs.,Jamie445,Leuschke227,,Quigley689,M,white,italian,F,Ashland MA US,1237 Noelia Drive Bourne MA 02559 US,,,,,,,,,,,,,,,,
74c93125-babf-4779-b54b-7838fdd81319,22/02/1927,11/03/1997,999-48-5422,S99964621,FALSE,Mr.,Connor610,Tillman389,,,M,white,american,M,Boston MA US,2035 Ali Manor Suite 370 Dennis MA 02638 US,,,,,,,,,,,,,,,,
e9202c06-fd87-40bb-8402-d0b9c53876da,29/04/1929,14/08/2000,999-51-4556,S99914825,FALSE,Mrs.,Dashawn76,Hirthe52,,Sipes819,M,white,german,F,Andover MA US,4089 Stark Village Barnstable MA 02630 US,,,,,,,,,,,,,,,,
ddd35f62-531d-4ccf-8633-ff317e64434a,09/12/1931,,999-17-8260,S99992047,X38596170X,Mrs.,Marina829,Ward255,,Schoen119,M,white,polish,F,Chicopee MA US,5316 Jace Ferry Brewster MA 02631 US,,,,,,,,,,,,,,,,
8becfb09-4ad1-4095-b97e-996739bf1f68,15/03/1986,,999-94-1252,S99914195,FALSE,Mrs.,Imani785,Runte265,,Bernhard843,M,white,italian,F,Lawrence MA US,45565 Joel Light Suite 923 Barnstable MA 02630 US,,,,,,,,,,,,,,,,
c86f5e29-74a8-4a87-a88a-11e92e6dc34b,09/02/2005,,999-26-7265,,,,Kip363,Hills743,,,,white,polish,F,Plymouth MA US,7013 Monahan Trafficway Suite 166 Brewster MA 02631 US,,,,,,,,,,,,,,,,
f5f5a6de-bac6-4f3c-a6bf-a2bc0a7329f5,14/03/1996,,999-51-2006,S99987707,FALSE,Mr.,Joana693,Wisoky878,,,,white,irish,M,Boston MA US,561 Verona Way Dennis MA 02638 US,,,,,,,,,,,,,,,,
3c286f70-de3b-4dd3-9682-5d57d414c844,17/04/1947,29/07/2007,999-26-8581,S99965323,FALSE,Mr.,Brown474,Littel446,,,M,white,scottish,M,Randolph MA US,276 Armstrong Terrace Apt. 151 Eastham MA 02642 US,,,,,,,,,,,,,,,,
d878e092-074b-4930-8a50-cd14b405f5f9,21/07/1911,24/08/2007,999-75-4453,S99978729,FALSE,Mr.,Consuelo388,Vandervort620,,,S,white,irish,M,Boston MA US,36053 Lizeth Street Apt. 848 Brewster MA 02631 US,,,,,,,,,,,,,,,,
41bad6cc-efbb-4f61-ba1d-3374fd07d70b,02/04/1958,,999-33-8114,S99975908,X30387527X,Ms.,Daryl314,Lemke797,,,S,white,portuguese,F,Chicopee MA US,34775 Parker Ways Dennis MA 02638 US,,,,,,,,,,,,,,,,
7b61ca1d-eea3-4e64-8522-bd29d36c4f5c,04/06/1956,,999-94-7196,S99950986,X82506792X,Mr.,Lupe538,Schimmel523,,,S,white,polish,M,Agawam Town MA US,683 Towne Turnpike Dennis MA 02638 US,,,,,,,,,,,,,,,,
7d20f48c-072f-47e6-a521-8ad40834fc29,09/08/1974,,999-48-2702,S99992416,X13528596X,Mrs.,Zion519,Runolfsson61,,Konopelski113,M,white,portuguese,F,Auburn MA US,54780 Swaniawski Mission Apt. 925 Chatham MA 02633 US,,,,,,,,,,,,,,,,
eb2b975a-90b2-40a6-94aa-194abd44ceaa,03/06/1936,,999-84-5203,S99964421,FALSE,Mr.,Kara346,Roob929,,,M,asian,asian_indian,M,New Bedford MA US,507 Kunde Union Eastham MA 02642 US,,,,,,,,,,,,,,,,
3c4a05cf-2c08-4726-b1d1-91cc16a2c055,09/06/1950,,999-10-8513,S99926726,FALSE,Mrs.,Nadia158,Feeney538,,Herzog43,M,white,irish,F,Merrimac MA US,978 Rowe Lakes Suite 549 Eastham MA 02642 US,,,,,,,,,,,,,,,,
d64c3dfa-727a-48cb-b942-3ff5d9e0856d,08/08/1982,,999-62-4354,S99926654,X31624125X,Mr.,Baby135,Hand296,,,M,white,irish,M,Attleboro MA US,8698 Erdman Valleys Suite 659 Barnstable MA 02630 US,,,,,,,,,,,,,,,,
5be6abd2-58e2-47a1-a191-318735348630,21/09/1970,,999-42-3823,S99990894,X64782831X,Mr.,Heath263,Bashirian129,,,S,white,english,M,Boston MA US,8962 Kailey Via Bourne MA 02532 US,,,,,,,,,,,,,,,,
20851bc5-b73b-49e8-bef6-2f27578d6d1c,31/10/1955,,999-52-8528,S99918861,FALSE,Mr.,Clifford283,Bayer843,,,S,white,french,M,Weymouth Town MA US,958 Ulices Well Suite 285 Bourne MA 02532 US,,,,,,,,,,,,,,,,
f50a8966-92f8-4ce3-83d8-249d3c8659b5,02/07/2001,,999-46-7892,,,,Susie539,Roob929,,,,white,english,F,Worcester MA US,86477 Mayert Shores Bourne MA 02559 US,,,,,,,,,,,,,,,,
b2dacb2a-cc6c-402a-98be-a971773758ce,18/11/1926,05/04/1984,999-22-7204,S99984859,X27219091X,Mr.,Eliane531,Mitchell717,,,M,white,american,M,Boston MA US,3669 Schimmel Dale Dennis MA 02638 US,,,,,,,,,,,,,,,,
157dbd34-a59f-4358-9edf-97ddbb554b84,29/10/1960,20/06/2015,999-27-8029,S99933106,FALSE,Mrs.,Ada607,Haley553,,Von395,M,white,italian,F,Quincy MA US,840 Krajcik Rapids Suite 753 Bourne MA 02532 US,,,,,,,,,,,,,,,,
f74e6a3c-0cc7-4f0c-a03b-05b1b5a3fee1,17/11/1950,,999-28-2098,S99914792,FALSE,Mr.,Katrina49,Terry768,,,S,white,english,M,Dracut MA US,149 Clair Radial Bourne MA 02559 US,,,,,,,,,,,,,,,,
cfcb50b7-e4ec-4a32-82ac-4ccc05fa58f1,12/12/1934,25/04/2012,999-36-4872,S99960145,X62561660X,Ms.,May406,Krajcik227,,,S,white,italian,F,Peabody MA US,7126 Kunze Knolls Suite 528 Chatham MA 02633 US,,,,,,,,,,,,,,,,
f006798a-e286-4b5f-bc13-baac675043cc,02/01/1938,15/11/2009,999-53-4035,S99936683,FALSE,Mrs.,Rowland239,Walker324,,Beer324,M,white,italian,F,Springfield MA US,2589 Chadd Locks Eastham MA 02642 US,,,,,,,,,,,,,,,,
ee63d6e5-cedf-4813-9e35-ce1b14f4ce98,04/09/1976,,999-11-8166,S99950062,FALSE,Mr.,June527,Feeney538,,,S,white,italian,M,Winchester MA US,71794 Rice Trail Suite 435 Eastham MA 02642 US,,,,,,,,,,,,,,,,
af96bb41-1549-4a89-8519-feaa31f4d42f,27/11/1957,,999-17-7816,S99942863,FALSE,Mrs.,Meaghan70,Rosenbaum848,,Kovacek705,M,white,irish,F,Northbridge MA US,40144 Mikayla Falls Suite 210 Bourne MA 02559 US,,,,,,,,,,,,,,,,
8d768062-62e0-49b4-95e9-f2a74cc03c78,25/01/1989,,999-30-9798,S99947582,X60395972X,Mr.,Cheyenne407,Gutkowski946,,,M,white,german,M,Cambridge MA US,248 Sipes Harbors Apt. 603 Bourne MA 02532 US,,,,,,,,,,,,,,,,
4401fa0e-8ef0-4b79-99a2-26686d5ee819,08/07/1952,,999-54-6092,S99964200,X25724148X,Mrs.,Anabelle900,Bogan983,,Beahan56,M,white,italian,F,Melrose MA US,83582 Hoeger Branch Apt. 674 Brewster MA 02631 US,,,,,,,,,,,,,,,,
700c91c9-ab23-4b57-809e-201e1f78906f,10/05/1967,06/06/2013,999-24-5371,S99969311,X53098780X,Mr.,Arnold77,Jaskolski977,,,M,white,english,M,Duxbury MA US,92091 Fisher Crescent Apt. 236 Bourne MA 02532 US,,,,,,,,,,,,,,,,
0b1f580c-133c-417c-b046-615a408e9365,18/10/1946,,999-25-5594,S99967869,FALSE,Mr.,Cleve684,Gorczany993,PhD,,S,white,scottish,M,Abington MA US,8592 Hammes Key Eastham MA 02642 US,,,,,,,,,,,,,,,,
57e60815-079b-4a8e-804c-e79592e232a2,11/05/1947,,999-31-8990,S99994889,X68207412X,Mrs.,Gideon513,Mraz432,,Sawayn872,M,white,polish,F,Revere MA US,9565 Jalyn Shoal Suite 196 Dennis MA 02638 US,,,,,,,,,,,,,,,,
90c6432d-14a7-42e5-9963-554613c5bb5c,22/08/1962,,999-25-7797,S99922339,FALSE,Mr.,Kenya118,Lemke797,,,M,white,irish,M,Boston MA US,3284 Hank Drive Suite 567 Bourne MA 02532 US,,,,,,,,,,,,,,,,
9de9a667-9796-4d18-961d-d4a753d1f7d8,29/06/1949,,999-45-1639,S99940076,FALSE,Mrs.,Katharina956,Green619,,Crist54,M,hispanic,puerto_rican,F,Medford MA US,126 Benedict Mill Apt. 834 Bourne MA 02532 US,,,,,,,,,,,,,,,,
0b7b0ea3-49af-4a00-b396-9e643afb4e7b,09/02/2006,,999-89-8185,,,,Martina4,Block261,,,,white,irish,F,Dracut MA US,6262 Earnest Extensions Dennis MA 02638 US,,,,,,,,,,,,,,,,
efd9302d-1005-45d9-a15d-49cbf6ea4ec3,12/03/1953,,999-61-5371,S99929582,X33331146X,Mrs.,Marguerite301,Lebsack415,,Morissette909,M,white,american,F,Melrose MA US,8232 Gulgowski Ports Chatham MA 02633 US,,,,,,,,,,,,,,,,
c5cdb2ac-b1e5-4e9a-8dea-b56d9fd19914,30/11/1970,,999-90-4774,S99921758,X21142068X,Mrs.,Rossie136,Hyatt507,,Koss397,M,white,irish,F,Belchertown MA US,1356 Marilyne Harbors Barnstable MA 02630 US,,,,,,,,,,,,,,,,
8b587236-aa3e-4800-b2a1-0c9c8d47ff50,06/08/1927,,999-80-3235,S99950207,FALSE,Mr.,Vince300,VonRueden892,,,S,white,irish,M,Boston MA US,9418 Aniyah Garden Suite 613 Brewster MA 02631 US,,,,,,,,,,,,,,,,
1228674b-ecf8-4314-add3-cb6c96d78294,05/07/1965,08/07/1978,999-39-2624,,,,Claud225,Nicolas801,,,,white,english,M,Braintree Town MA US,76952 Jaclyn Park Suite 451 Dennis MA 02638 US,,,,,,,,,,,,,,,,
4d93b1d5-2168-4339-95cf-34b992d876ad,19/12/1960,,999-73-6347,S99922546,X70738811X,Mrs.,Rhianna135,Hermann847,,Braun965,M,white,italian,F,Braintree Town MA US,983 Bayer Valley Apt. 182 Bourne MA 02532 US,,,,,,,,,,,,,,,,
1c483e66-e8aa-4ffa-a364-06f65ffa8725,23/01/1976,,999-27-4889,S99999935,X71431817X,Mr.,Cecil16,Schowalter565,,,M,white,irish,M,Weymouth Town MA US,763 Purdy Summit Suite 785 Bourne MA 02532 US,,,,,,,,,,,,,,,,
9440a293-de82-47d0-882b-9d89c972574e,19/03/1960,,999-13-2385,S99951882,FALSE,Mr.,Christine27,Thompson901,,,M,white,italian,M,Easton MA US,6144 Pagac Cliff Bourne MA 02532 US,,,,,,,,,,,,,,,,
79bc411e-1d23-40c1-af0c-9986d9ac31ae,29/01/1943,19/02/1943,999-96-2863,,,,Zaria185,Oberbrunner974,,,,white,french_canadian,M,Worcester MA US,19756 Clair Mountain Apt. 362 Barnstable MA 02630 US,,,,,,,,,,,,,,,,
fcaadf3c-cbd7-444f-824c-cd36f60ded9e,12/12/1909,03/09/1995,999-40-6069,S99994145,X17335460X,Mrs.,Joany783,Breitenberg896,,Anderson350,M,white,irish,F,Boston MA US,12306 Thompson Brooks Bourne MA 02532 US,,,,,,,,,,,,,,,,
1459acdc-71fa-41b5-ba9b-9298ef6aa44a,22/04/2017,,999-57-2178,,,,Jamie445,Cronin520,,,,hispanic,puerto_rican,M,Harwich MA US,11460 Alycia Causeway Barnstable MA 02630 US,,,,,,,,,,,,,,,,
273ae932-4c82-4263-aac5-d06e8a18fbbe,28/03/1940,,999-19-6095,S99930148,X96310492X,Mrs.,Seamus858,Moen568,,Pfeffer477,M,white,german,F,Billerica MA US,4072 Moises Overpass Suite 309 Bourne MA 02559 US,,,,,,,,,,,,,,,,
8761d4ad-c323-4ef7-93e6-a17b7e53e3d9,31/03/1967,,999-23-5085,S99911031,X78432164X,Mr.,Tomasa969,Boyle761,,,M,white,english,M,Lowell MA US,75246 Toy Manors Bourne MA 02559 US,,,,,,,,,,,,,,,,
bbe19b8d-8ed4-4f4c-8fe3-4ea843ade043,08/12/1926,,999-30-4881,S99957740,X71668561X,Mr.,Devyn77,Ankunding471,,,M,white,american,M,Burlington MA US,4109 Amani Trail Suite 245 Dennis MA 02638 US,,,,,,,,,,,,,,,,
c39d0d04-6ba1-40ab-b8bb-bf17e7b58328,03/05/1970,,999-95-9313,S99959943,FALSE,Ms.,Greyson609,Hand296,,,S,white,italian,F,Middleborough MA US,6887 Leffler Lane Bourne MA 02559 US,,,,,,,,,,,,,,,,
21f91fde-7883-4fc9-afab-9fd2cc1aa1de,20/12/1987,,999-28-6566,S99956081,FALSE,Mrs.,Kendrick532,Pagac831,,Kertzmann752,M,white,english,F,Pepperell MA US,12724 Kenyatta Fields Suite 718 Bourne MA 02532 US,,,,,,,,,,,,,,,,
9ebe16f0-a58a-47c7-a6e5-aaa5d88ca52c,15/05/2004,,999-66-6685,,,,Olin822,Yundt612,,,,white,irish,F,Marlborough MA US,19511 Doyle Mews Apt. 632 Dennis MA 02638 US,,,,,,,,,,,,,,,,
0e683a42-dfb8-49e4-bd5f-0091d5acd2f1,06/07/1937,,999-66-2330,S99958271,X91641331X,Ms.,Anastacio825,Pouros815,,,S,white,italian,F,Boston MA US,35785 Murl Cape Eastham MA 02642 US,,,,,,,,,,,,,,,,
99f67d69-d570-471a-90fc-f4a7f5b96edb,25/09/1945,,999-29-5947,S99938355,X65590839X,Mr.,Orville890,West921,,,M,white,irish,M,Winthrop Town MA US,347 Smitham Fork Brewster MA 02631 US,,,,,,,,,,,,,,,,
8dbd66a6-32a2-4fae-ab14-3f842ea6e372,10/11/1950,,999-40-4588,S99912845,FALSE,Mr.,Jefferey515,Goldner843,,,S,white,irish,M,West Springfield Town MA US,66282 Antonina Crossroad Apt. 676 Eastham MA 02642 US,,,,,,,,,,,,,,,,
e3fe8250-928b-4b15-aa72-3abb88eeaf72,17/07/1952,09/04/2001,999-57-8276,S99970391,X25291394X,Mrs.,Lonnie308,Lebsack415,,King747,M,white,american,F,Hanover MA US,9675 Serenity Estate Apt. 447 Chatham MA 02633 US,,,,,,,,,,,,,,,,
24b8620a-aebf-4273-b8ef-40255ab8fc82,27/06/1934,,999-23-1146,S99944743,FALSE,Mrs.,Jaden662,Beier837,,Emmerich252,M,white,italian,F,Worcester MA US,90783 Doyle Courts Apt. 220 Chatham MA 02633 US,,,,,,,,,,,,,,,,
111fb6a2-5322-4614-883b-967cc4284455,29/07/1965,,999-91-9800,S99971628,X92032160X,Mr.,Ramon102,Howe75,,,M,white,french,M,Leicester MA US,88498 Crona Terrace Bourne MA 02532 US,,,,,,,,,,,,,,,,
9d65028d-fec2-40aa-9813-02209599b7ea,17/03/1999,,999-18-1229,S99929319,,Ms.,Luther357,Keebler235,,,,white,italian,F,Watertown Town MA US,92522 Adams Route Dennis MA 02638 US,,,,,,,,,,,,,,,,
873133d9-df62-4bed-8750-11be3838264d,19/10/1965,,999-96-6383,S99935505,X57266903X,Mr.,Nora619,Sauer496,,,S,white,english,M,Weston MA US,5595 Naomie Place Suite 255 Dennis MA 02638 US,,,,,,,,,,,,,,,,
792f4453-7a32-4a38-9d75-fb95ae2c3811,30/10/1951,,999-82-3752,S99914508,X15072128X,Mrs.,Giovani207,Nicolas801,,Kemmer31,M,white,french,F,Cambridge MA US,21299 Korey Ranch Bourne MA 02532 US,,,,,,,,,,,,,,,,
d3ad6de8-f7f8-4eb0-8187-966606ce6b78,10/07/2013,,999-37-1053,,,,Marilou754,Sporer804,,,,white,german,M,Ware MA US,2451 Jaclyn Valley Suite 671 Chatham MA 02633 US,,,,,,,,,,,,,,,,
3f0e44f4-51c2-439b-888d-d0afd40fd2b5,12/04/1928,21/03/1996,999-12-9894,S99916132,FALSE,Mrs.,Carole756,Harber282,,McLaughlin892,M,white,american,F,Greenfield Town MA US,239 Hyatt Crescent Barnstable MA 02630 US,,,,,,,,,,,,,,,,
1fe7e165-9f6d-47f1-909b-a58b3a8b0f65,27/04/1953,14/05/1973,999-95-8084,S99998814,FALSE,Ms.,Kelley589,Jacobs906,,,,white,american,F,Quincy MA US,627 Maynard Forges Chatham MA 02633 US,,,,,,,,,,,,,,,,
b18fd592-9614-4964-963b-523fd699e5e5,16/09/1987,,999-54-4165,S99938837,FALSE,Mr.,Rickie967,Bauch930,,,M,white,english,M,Worcester MA US,52936 Mariana Stravenue Eastham MA 02642 US,,,,,,,,,,,,,,,,
650724f8-1ea9-492e-9abd-66fe0695110d,23/04/1964,,999-27-6078,S99961846,X91808264X,Mr.,Carolyn677,Beer324,JD,,M,white,french_canadian,M,Boston MA US,6293 Sawayn Walk Suite 621 Barnstable MA 02630 US,,,,,,,,,,,,,,,,
03cabee4-d1f7-49e7-94c9-0baaedbad2cf,31/01/1945,,999-12-1629,S99964565,FALSE,Mrs.,Cornelius238,Tromp639,,Boyle761,M,white,french,F,Chicopee MA US,16389 Violette Extensions Suite 264 Eastham MA 02642 US,,,,,,,,,,,,,,,,
012dbda1-5a23-4b43-a373-902aedee9e88,08/07/1942,05/04/1997,999-69-8928,S99957389,X44230496X,Mr.,Retha189,Jaskolski977,,,S,white,french_canadian,M,Holyoke MA US,9393 Goodwin Extensions Apt. 413 Barnstable MA 02630 US,,,,,,,,,,,,,,,,
c8d0b857-7904-4029-b089-c0a9ceaf44bc,16/12/2002,,999-82-6561,,,,Deanna863,Stanton789,,,,hispanic,puerto_rican,F,Holyoke MA US,64783 Edd Harbor Suite 562 Chatham MA 02633 US,,,,,,,,,,,,,,,,
f3e26d97-542b-461a-b88c-057a279768cf,13/01/1970,,999-79-3748,S99947055,FALSE,Mrs.,Damaris173,Armstrong275,,Hoppe300,M,hispanic,puerto_rican,F,Acton MA US,83953 Roob Canyon Barnstable MA 02630 US,,,,,,,,,,,,,,,,
cb073f8e-261a-4687-87c9-b38135122e2e,13/09/1975,,999-91-9287,S99932227,X33473462X,Mr.,Tony842,Fahey895,,,S,white,italian,M,Chicopee MA US,38521 Manuel Valley Brewster MA 02631 US,,,,,,,,,,,,,,,,
0f18a401-4376-4c68-8996-5d14846f5bd8,17/11/1941,17/08/1992,999-78-2820,S99931577,X91576343X,Mrs.,Pascale883,Jerde959,,Bartoletti882,M,white,italian,F,Arlington MA US,119 Clemmie Via Suite 826 Chatham MA 02633 US,,,,,,,,,,,,,,,,
7304b1e1-5bbc-436b-846d-dde26fe0ffa7,09/01/1964,,999-16-6194,S99939992,FALSE,Ms.,Valentine724,Moen568,,,S,white,polish,F,Hanover MA US,96468 Bernhard Lodge Apt. 901 Chatham MA 02633 US,,,,,,,,,,,,,,,,
e841c536-2e0c-4aa8-b076-05ee678c8317,05/12/1978,,999-20-8197,S99963282,FALSE,Mrs.,Sharon30,Denesik641,,Hartmann887,M,white,italian,F,Braintree Town MA US,59103 Bergstrom Flat Apt. 711 Dennis MA 02638 US,,,,,,,,,,,,,,,,
89f8d6a2-10bf-4e97-8bc3-9f0a9c97e48a,06/05/1925,14/06/1978,999-35-5448,S99984734,X47581348X,Mr.,Oren234,Bogisich844,,,M,white,french_canadian,M,Boston MA US,98800 Arnaldo Road Brewster MA 02631 US,,,,,,,,,,,,,,,,
5aeec028-68dd-4061-8b58-c2fac3e67742,11/05/1989,,999-77-6045,S99910627,X86336426X,Mr.,Roel757,Wiegand160,,,M,white,irish,M,Plainville MA US,16816 Veum Ramp Apt. 790 Brewster MA 02631 US,,,,,,,,,,,,,,,,
88b4122a-9006-4777-b0ed-d65047b33b55,03/04/1910,27/04/1997,999-66-4740,S99932659,FALSE,Mrs.,Khalil176,Feil134,,Casper135,M,white,irish,F,Methuen Town MA US,44055 Murray Springs Apt. 205 Bourne MA 02559 US,,,,,,,,,,,,,,,,
3aabb441-b8ef-4341-862d-cb4182f43678,19/12/1981,,999-74-5570,S99997462,X45750540X,Mrs.,Noemi542,Stanton789,,Cormier933,M,white,german,F,Rockland MA US,3895 Gleason Isle Suite 901 Barnstable MA 02630 US,,,,,,,,,,,,,,,,
54f637bb-af0d-488c-9955-ea8fd5d14489,17/10/1963,,999-36-6429,S99989225,FALSE,Mrs.,Monty177,Sauer496,,Bernhard843,M,white,german,F,Brockton MA US,764 Zella Knolls Dennis MA 02638 US,,,,,,,,,,,,,,,,
e444f188-10c3-4482-89be-bde9b4eb9fe8,07/08/1943,,999-12-4438,S99938745,FALSE,Mrs.,Anjali113,Maggio705,,Kilback494,M,white,italian,F,Holyoke MA US,661 Schuppe Throughway Suite 272 Bourne MA 02559 US,,,,,,,,,,,,,,,,
de25f457-6503-4335-9616-626f01709974,27/04/2010,,999-54-1903,,,,Shaina912,Swaniawski131,,,,white,french,F,Fall River MA US,3069 Luigi Mountains Dennis MA 02638 US,,,,,,,,,,,,,,,,
94d89a0b-22e2-4f56-9d58-c9872cb54995,27/01/1940,06/02/2016,999-35-8760,S99960322,X29368835X,Mrs.,Addison165,Torphy357,,Zboncak48,M,white,italian,F,Somerville MA US,336 Turner Plain Bourne MA 02532 US,,,,,,,,,,,,,,,,
0bb38b5e-ad7f-412b-9c0e-8de88346fa6c,18/05/1963,,999-54-3296,S99928882,X65217771X,Mr.,Albert620,Wilkinson801,,,M,white,irish,M,Brockton MA US,9133 Abbott Run Bourne MA 02532 US,,,,,,,,,,,,,,,,
335cde63-5195-4a75-81a7-c4fbc54204d7,19/02/1951,,999-38-6270,S99974157,FALSE,Ms.,Unique526,Johnson303,,,S,black,west_indian,F,Needham MA US,98101 Schamberger Brooks Suite 713 Barnstable MA 02630 US,,,,,,,,,,,,,,,,
eed36dbc-af96-483e-a2e0-82df9db829db,02/04/2002,,999-90-2461,,,,Weldon43,Legros728,,,,white,polish,M,Westwood MA US,5978 Will Isle Apt. 737 Dennis MA 02638 US,,,,,,,,,,,,,,,,
ce0bf3be-d540-459c-91c1-e6ce37bc86b4,04/08/1948,,999-19-9617,S99950229,FALSE,Mr.,Lucienne380,Collier562,,,S,white,scottish,M,Boston MA US,24009 Kerluke Tunnel Apt. 531 Eastham MA 02642 US,,,,,,,,,,,,,,,,
c8b527da-d542-4733-8619-ad04e0dbf621,31/03/1964,,999-21-7638,S99935027,X23044934X,Mr.,Mariane707,Kuhlman253,,,M,white,italian,M,Amherst MA US,3863 Bogan Gardens Brewster MA 02631 US,,,,,,,,,,,,,,,,
61fa98ce-5ca4-4504-a2cd-947bcf6ca4eb,12/04/1986,,999-40-3317,S99982727,FALSE,Mr.,Anna659,Beier837,,,M,white,scottish,M,Brookline MA US,4250 Schuster Union Apt. 148 Dennis MA 02638 US,,,,,,,,,,,,,,,,
c22ebdcc-634b-4f5a-9cdb-1214202ce7a6,18/11/1952,,999-90-3885,S99980676,X46821558X,Mrs.,Amira929,Klocko349,,Wilderman814,M,white,american,F,Woburn MA US,16855 Ashlee Trace Chatham MA 02633 US,,,,,,,,,,,,,,,,
397c3bd0-8e54-47c3-a56e-00b7ac6dd4e4,28/10/1942,20/05/2015,999-94-3373,S99919560,FALSE,Mr.,Rafael133,Crooks128,,,M,white,french_canadian,M,Marblehead MA US,137 Huel Fort Apt. 538 Barnstable MA 02630 US,,,,,,,,,,,,,,,,
768efa87-de0f-4442-a1b7-89211898abe0,05/09/1941,,999-91-2477,S99950796,FALSE,Mr.,Margarete478,Schumm367,,,M,white,english,M,Provincetown MA US,842 Wuckert Lodge Apt. 951 Barnstable MA 02630 US,,,,,,,,,,,,,,,,
71b8a2b9-ddb1-427b-8f29-648e1e766d79,08/02/2010,,999-81-8396,,,,Gail261,Zboncak48,,,,white,french_canadian,F,Wales MA US,34017 Wolff Way Apt. 154 Falmouth MA 02540 US,,,,,,,,,,,,,,,,
74539f50-0c08-4eb3-8fc0-fa775d7a3c67,04/01/1928,15/12/2004,999-25-2056,S99925538,FALSE,Mrs.,Geo710,Jacobi311,,Barrows37,M,white,american,F,Hopedale MA US,6251 Swaniawski Throughway Apt. 349 Barnstable MA 02630 US,,,,,,,,,,,,,,,,
586c9a76-2498-4e31-88f7-f1a248dab8ed,07/04/1985,,999-82-1648,S99955075,X32182695X,Mrs.,Alberto511,Wilkinson801,,Vandervort620,M,white,english,F,Danvers MA US,32812 Serenity Street Bourne MA 02532 US,,,,,,,,,,,,,,,,
aad1d313-c0a8-4638-9254-72881f2fd6b0,17/03/2017,,999-54-3247,,,,Adeline133,Schmeler79,,,,white,irish,M,Revere MA US,41726 Leonora Summit Apt. 256 Bourne MA 02532 US,,,,,,,,,,,,,,,,
c33660e4-646b-4a88-82e5-53a7bcc55407,08/11/1999,,999-40-6023,S99913317,,,Favian318,Lowe886,,,,white,french_canadian,F,Newton MA US,962 Hermiston Streets Suite 113 Bourne MA 02532 US,,,,,,,,,,,,,,,,
a5fd9492-1347-4a32-82fa-63e0dad628a5,27/08/1918,13/01/2004,999-11-7512,S99932292,FALSE,Mrs.,Abbey631,Ziemann158,,Pfeffer477,M,white,irish,F,Brookline MA US,753 Jovani Falls Apt. 491 Barnstable MA 02630 US,,,,,,,,,,,,,,,,
cd888e2d-960b-4baf-b2dc-a01e3eb03998,23/02/1955,,999-19-7577,S99929728,X29829834X,Mr.,Sven102,Terry768,,,M,white,italian,M,Medfield MA US,58240 Mittie Drive Dennis MA 02638 US,,,,,,,,,,,,,,,,
6815fedb-a892-4ed4-85d3-40ea2e5b79db,12/03/2000,,999-11-7116,S99979169,,,Pierce105,Gusikowski964,,,,white,american,F,Newton MA US,219 Karelle Parkways Suite 828 Falmouth MA 02541 US,,,,,,,,,,,,,,,,
fed5d9c4-5807-4e1a-890c-c3aa14d3528a,05/02/1997,,999-89-5095,S99990143,FALSE,Ms.,Cindy301,Batz332,,,,white,irish,F,Boston MA US,6977 Boris Cove Chatham MA 02633 US,,,,,,,,,,,,,,,,
6ca2677c-6b4e-4351-8e4e-5bdf31b0ab00,02/02/1942,,999-46-5610,S99984929,FALSE,Ms.,Hayden552,Tromp639,,,S,white,italian,F,Dedham MA US,6413 Filomena Vista Chatham MA 02633 US,,,,,,,,,,,,,,,,
7472162e-44ed-4f2b-aac1-6663c82defa0,17/02/1943,,999-18-1473,S99941763,FALSE,Mrs.,Marquise18,Ortiz21,,Bins978,M,white,polish,F,Boston MA US,693 Alvena Expressway Brewster MA 02631 US,,,,,,,,,,,,,,,,
034a54ee-0f78-4889-a04f-6f89d811f2d0,14/07/1968,,999-26-8421,S99916094,FALSE,Mr.,Madison855,Spinka682,,,S,white,french_canadian,M,Holyoke MA US,1810 Gutmann Views Suite 149 Bourne MA 02559 US,,,,,,,,,,,,,,,,
508179fd-d8c0-49e3-9e1e-5767ab3c87ab,27/10/1924,23/03/2009,999-74-6700,S99982890,X96986618X,Mr.,Nathan255,Berge315,,,M,white,french_canadian,M,Arlington MA US,9908 Stamm Row Brewster MA 02631 US,,,,,,,,,,,,,,,,
0931028b-2c97-4ca1-bed7-64a5cd312591,19/11/1979,,999-72-4745,S99987868,X76305397X,Mr.,Vivian597,Jacobson284,,,M,white,polish,M,Waltham MA US,862 Ismael Fort Bourne MA 02559 US,,,,,,,,,,,,,,,,
1a182814-3298-491e-b6a2-b65955c90137,12/06/1955,,999-58-7190,S99934746,FALSE,Mrs.,Beau95,Simonis652,,Zieme669,M,white,english,F,Fall River MA US,8826 Schaden Cliff Dennis MA 02638 US,,,,,,,,,,,,,,,,
299ec68d-9b1e-446e-9c79-8118375bf17d,25/03/2017,,999-80-7800,,,,Hope333,Cummings800,,,,white,polish,M,Taunton MA US,43197 Lou Orchard Brewster MA 02631 US,,,,,,,,,,,,,,,,
8bcfc377-8848-4beb-8fc9-4dd4fda36d80,26/10/1909,01/04/1997,999-37-1149,S99938843,FALSE,Mrs.,Esta198,Sauer496,,Wiegand160,M,white,irish,F,Lawrence MA US,410 Wiza Canyon Bourne MA 02559 US,,,,,,,,,,,,,,,,
cf0e33a5-95df-4dc4-a48c-0a073dfdf07b,10/05/1962,,999-54-9891,S99990496,FALSE,Mrs.,Waylon747,Hoppe300,,Windler822,M,white,irish,F,Boston MA US,256 Bartell Ramp Apt. 408 Dennis MA 02638 US,,,,,,,,,,,,,,,,
1a2871d8-ebe0-4df3-9bfe-a125b320aa6c,10/06/1963,30/01/2006,999-43-6981,S99998253,X72288807X,Mr.,Hattie524,Halvorson187,,,S,hispanic,puerto_rican,M,Concord MA US,8374 Adelbert Knoll Bourne MA 02532 US,,,,,,,,,,,,,,,,
841d949e-db25-4863-abfc-2035ee544948,30/12/1939,,999-58-9738,S99967801,X26667058X,Mrs.,Alta167,Keebler235,,O'Kon648,M,white,italian,F,Worcester MA US,5640 West Junctions Apt. 392 Bourne MA 02559 US,,,,,,,,,,,,,,,,
8d7659cf-10ff-47ff-9976-cfba5655f3a3,20/05/1977,,999-45-8878,S99911327,FALSE,Mr.,Elfrieda370,Barrows37,,,M,white,portuguese,M,Somerville MA US,42852 Yost Ports Suite 576 Falmouth MA 02543 US,,,,,,,,,,,,,,,,
fc5acd51-e1de-48b3-9c24-b9ef186adf8a,31/12/2001,,999-70-6560,,,,Ericka821,Treutel576,,,,white,irish,M,Chelmsford MA US,418 Alexane Plains Eastham MA 02642 US,,,,,,,,,,,,,,,,
b1eca85e-d0b9-4e01-8739-17d317272dba,05/10/1939,07/04/1994,999-31-6135,S99973161,FALSE,Mr.,Lindsey227,D'Amore653,,,S,white,german,M,Blackstone MA US,76008 Chasity Neck Bourne MA 02532 US,,,,,,,,,,,,,,,,
db02cf26-5770-4a4e-81c9-cd4a15c4bd7f,20/12/1913,16/01/1993,999-49-3557,S99942525,FALSE,Mrs.,Gudrun942,Sanford945,,Thiel335,M,white,swedish,F,Boston MA US,33265 Windler Meadows Apt. 135 Bourne MA 02532 US,,,,,,,,,,,,,,,,
fb88d61b-ec3f-462c-a58a-344c0fe4047b,17/07/1942,05/06/2013,999-90-7158,S99941006,X76167332X,Mr.,Octavia984,Wiza76,,,M,white,french_canadian,M,Danvers MA US,12858 Gibson Lock Barnstable MA 02630 US,,,,,,,,,,,,,,,,
4fdc5641-9b5c-43da-aef7-52c7fa690322,23/04/1969,,999-53-5318,S99953416,FALSE,Mrs.,Libbie382,Grimes456,,Crist54,M,white,russian,F,Williamsburg MA US,18938 Rhett Extensions Chatham MA 02633 US,,,,,,,,,,,,,,,,
15e9367f-14a6-44c1-bb1d-bdd7da993d67,16/09/1994,15/04/2016,999-77-7149,S99983752,FALSE,Ms.,Grant175,Metz823,,,,white,irish,F,Beverly MA US,1385 Marks Pines Suite 911 Dennis MA 02638 US,,,,,,,,,,,,,,,,
7461e389-e7bf-41ba-bf9f-4d749d45db61,15/12/1978,,999-44-1140,S99918051,FALSE,Mrs.,Moises61,Zboncak48,,Kshlerin530,M,white,american,F,Brockton MA US,6049 Karlie Island Bourne MA 02532 US,,,,,,,,,,,,,,,,
45b91a0c-3b53-44e1-a01d-7ed00cb37a33,05/09/1982,,999-98-7764,S99917479,X97146713X,Mr.,Abby832,Balistreri143,,,M,white,russian,M,Falmouth MA US,2614 Lauretta Heights Dennis MA 02638 US,,,,,,,,,,,,,,,,
8170e050-9fae-482b-93e2-fc2be1f5bd84,11/09/1988,,999-65-1198,S99938261,FALSE,Mr.,Louie31,Witting337,,,M,white,german,M,Douglas MA US,55199 Dane Mills Apt. 840 Dennis MA 02638 US,,,,,,,,,,,,,,,,
a1bdcbec-12d7-442d-965f-d791cdef8b82,17/02/2006,,999-80-4497,,,,Nedra311,Vandervort620,,,,white,portuguese,F,Boston MA US,26054 Nikki Ferry Dennis MA 02638 US,,,,,,,,,,,,,,,,
20b229c5-3b2e-4fea-8233-6021b93d10d5,12/01/1928,02/08/2012,999-74-3477,S99979379,X22846093X,Mrs.,Ona693,Leannon102,,McKenzie863,M,white,american,F,Westborough MA US,112 Ricky Wall Suite 892 Barnstable MA 02630 US,,,,,,,,,,,,,,,,
78a0a4ad-e582-45d0-aa79-22c0903c0180,30/01/1939,02/03/1992,999-50-4072,S99959559,FALSE,Mrs.,Cruz631,Macejkovic315,,Price694,M,white,french,F,Fitchburg MA US,8852 Pfannerstill Rue Suite 813 Bourne MA 02559 US,,,,,,,,,,,,,,,,
c3d5c0cb-ea67-4b08-9b1a-cc46d838781c,23/07/1994,,999-94-1245,S99954287,X73133938X,Ms.,Jerrold137,Raynor678,,,,white,irish,F,Weymouth Town MA US,642 Elta Ville Dennis MA 02638 US,,,,,,,,,,,,,,,,
d65fefa8-7800-4d63-bdc8-044519ad6c86,25/11/1961,,999-87-1935,S99987559,X56550134X,Mr.,Dortha798,Cassin602,,,M,black,african,M,Chelmsford MA US,2106 Isabell Tunnel Eastham MA 02642 US,,,,,,,,,,,,,,,,
8fe3ff44-6a61-4096-8331-415e32af2f49,31/12/1963,,999-22-4301,S99957266,X62496641X,Mr.,Mackenzie925,Grimes456,,,M,hispanic,puerto_rican,M,Sharon MA US,202 Murazik Rue Suite 585 Bourne MA 02532 US,,,,,,,,,,,,,,,,
c8ca679b-7071-46fe-8300-cdea4d128a7c,23/05/1952,,999-65-6970,S99994214,X66497507X,Mr.,Lulu803,Mann540,,,M,white,german,M,Leominster MA US,22399 Cormier Tunnel Brewster MA 02631 US,,,,,,,,,,,,,,,,
2147e799-adbd-4859-be18-1b6726e0c710,13/11/2015,,999-97-8470,,,,Celestino266,Will523,,,,white,irish,M,Worcester MA US,97402 Gisselle Valleys Brewster MA 02631 US,,,,,,,,,,,,,,,,
870b5d78-61c0-49b0-91d7-a26b7b01be1f,20/12/2009,,999-19-7625,,,,Mervin441,Orn984,,,,white,italian,F,Norton MA US,15252 Hansen Junctions Brewster MA 02631 US,,,,,,,,,,,,,,,,
fe93bb35-e46c-4c97-ae0a-e6421b1283bd,25/01/1929,,999-13-9854,S99949291,FALSE,Mrs.,Pearline787,Heathcote725,,Hammes374,M,white,german,F,Marblehead MA US,98500 Jacobs Prairie Bourne MA 02532 US,,,,,,,,,,,,,,,,
070ce46d-97f0-43df-bd69-d43a3a387f19,26/07/2006,,999-90-9616,,,,Sage1,Willms697,,,,white,portuguese,M,Worcester MA US,84506 Tina Extension Apt. 894 Brewster MA 02631 US,,,,,,,,,,,,,,,,
ed58e158-39b5-44b7-ac09-3166920c3fd1,12/08/1918,06/06/2011,999-49-4042,S99996165,X64040002X,Mrs.,Sandrine611,Donnelly502,,Goyette587,M,white,irish,F,Orange MA US,361 Giovani Islands Apt. 139 Barnstable MA 02630 US,,,,,,,,,,,,,,,,
cacf897a-a75b-43af-a363-90303788334f,11/01/2010,,999-83-3865,,,,Marcel745,Watsica156,,,,black,dominican,F,Sandwich MA US,33110 Keebler Overpass Brewster MA 02631 US,,,,,,,,,,,,,,,,
e25de59a-c759-4aee-a204-a275cc48150e,25/01/1925,15/07/2001,999-73-3859,S99989973,FALSE,Mr.,Jayson753,Schmidt882,,,M,white,french_canadian,M,Quincy MA US,9123 Olaf Drive Brewster MA 02631 US,,,,,,,,,,,,,,,,
e191ff10-d562-4d2d-80e6-5ebe56840ecc,02/01/1943,17/04/2000,999-12-6202,S99952559,X89835436X,Mr.,Ilene700,Torphy357,,,M,white,french_canadian,M,East Longmeadow MA US,31995 Jayce Ranch Barnstable MA 02630 US,,,,,,,,,,,,,,,,
f3e2a79c-9a40-4549-8809-2f9d8bbefffe,22/12/1969,,999-10-3867,S99943806,FALSE,Mrs.,Cali421,Rodriguez388,,Schroeder130,M,white,polish,F,Marlborough MA US,8860 Homenick Street Apt. 604 Chatham MA 02633 US,,,,,,,,,,,,,,,,
c476a0e1-1610-4afe-8670-cd43c9cb8608,07/03/1928,27/06/1964,999-67-9996,S99999430,FALSE,Mrs.,Royce288,Ernser526,,Shields195,M,white,american,F,Quincy MA US,44799 Charley Union Apt. 728 Barnstable MA 02630 US,,,,,,,,,,,,,,,,
71e6e24b-45d8-429c-a026-9787707665d2,13/09/1909,30/08/1988,999-20-1266,S99931800,X71501229X,Mrs.,Delphia707,Muller64,,Davis20,M,white,irish,F,Everett MA US,198 Vilma Canyon Bourne MA 02532 US,,,,,,,,,,,,,,,,
7fb54b8e-26ce-432b-85d0-3666d371b07c,26/06/1957,,999-12-3381,S99998594,FALSE,Mr.,Roger110,Koelpin39,,,M,white,irish,M,Bourne MA US,44877 Littel Crest Dennis MA 02638 US,,,,,,,,,,,,,,,,
7f0cc62c-c282-44a3-9957-7dc2beb11b49,14/09/1973,,999-93-1769,S99978184,FALSE,Mrs.,Lincoln397,Ledner563,,Graham737,M,white,italian,F,Holyoke MA US,985 Maddison Court Eastham MA 02642 US,,,,,,,,,,,,,,,,
17b2f655-c418-4b7b-ab5b-b11094067d78,05/01/1940,,999-89-7624,S99914050,FALSE,Mr.,Bradford773,Feest50,,,M,white,german,M,Marlborough MA US,192 Lubowitz Road Suite 658 Bourne MA 02559 US,,,,,,,,,,,,,,,,
adb661f7-1bdf-4c7f-9f2a-f0cb74bd1a32,26/10/1942,,999-78-4402,S99975165,FALSE,Mrs.,Percy48,Beahan56,,Hartmann887,M,white,irish,F,Dartmouth MA US,826 MacGyver Port Apt. 587 Falmouth MA 02541 US,,,,,,,,,,,,,,,,
772c80f9-7dfe-4103-9223-f6c522ff5a63,12/06/1997,,999-62-8000,S99954539,,Mr.,Gregorio271,Fahey895,,,,white,american,M,New Bedford MA US,35175 Raynor Burg Suite 337 Chatham MA 02633 US,,,,,,,,,,,,,,,,
3d4ff746-2662-49d4-9d5b-bcd84a313ca7,10/07/1913,15/02/1995,999-38-6575,S99987289,FALSE,Mrs.,Keely584,Welch327,,Schaefer735,M,white,swedish,F,Fitchburg MA US,40587 Jewell Estate Apt. 365 Bourne MA 02559 US,,,,,,,,,,,,,,,,
c969a269-b1a1-49d4-b3af-bf47d464c610,18/06/2009,,999-79-2329,,,,Nicholas159,Bahringer198,,,,hispanic,puerto_rican,M,New Bedford MA US,9475 Kaela Summit Apt. 585 Chatham MA 02633 US,,,,,,,,,,,,,,,,
96eda10f-3a64-4b63-9931-6884625df70d,25/11/1941,,999-54-4436,S99945543,X82296893X,Mr.,Alvah552,Romaguera219,,,M,white,irish,M,Brockton MA US,2815 Reilly Branch Suite 237 Dennis MA 02638 US,,,,,,,,,,,,,,,,
704f9ec4-12a4-4d3a-ba21-fa2c5b8d1181,09/03/1925,22/11/1976,999-86-9408,S99940646,X28122191X,Mr.,Elenora317,McClure754,,,M,white,french_canadian,M,Natick MA US,9303 Lindgren Square Brewster MA 02631 US,,,,,,,,,,,,,,,,
e9a10f3d-6af7-44a9-97b2-8c6cbe474a6f,22/12/1949,02/06/2016,999-60-4388,S99962376,FALSE,Mr.,Courtney695,Turner411,,,M,white,irish,M,Brookline MA US,4367 Emmerich Crest Apt. 330 Brewster MA 02631 US,,,,,,,,,,,,,,,,
b8a14dfd-2fc8-4c3f-89c4-d58f0168db5b,07/02/1961,,999-16-5011,S99971699,FALSE,Mrs.,Jovan586,Funk679,PhD,O'Conner125,M,white,russian,F,Mendon MA US,16605 Kuhic Rue Apt. 250 Brewster MA 02631 US,,,,,,,,,,,,,,,,
22afc718-4317-463b-a487-712e211f1672,04/03/1951,,999-64-4273,S99994554,X92514583X,Mr.,Rodrick558,Wiza76,,,M,white,irish,M,Worcester MA US,3727 Prosacco Cliff Apt. 936 Brewster MA 02631 US,,,,,,,,,,,,,,,,
02380cc2-86e1-4961-82f1-703075d4bc86,19/04/1959,,999-61-8850,S99973273,X43902346X,Mrs.,Mara896,Denesik641,,Windler822,M,white,german,F,North Andover MA US,729 Dare Land Apt. 392 Dennis MA 02638 US,,,,,,,,,,,,,,,,
45b4af13-1ba8-4e4d-b0b7-24e7a30a30f4,06/07/2015,,999-92-8432,,,,Shannon962,Reichert456,,,,white,portuguese,F,Norwood MA US,47362 Madilyn Forge Suite 754 Falmouth MA 02543 US,,,,,,,,,,,,,,,,
2168bc10-e0ab-4ce6-83ba-ee3fd0119778,17/03/1951,,999-42-9936,S99934588,X27000609X,Ms.,Rigoberto619,Jacobs906,,,S,white,french,F,Pembroke MA US,98875 Sipes Trail Apt. 122 Brewster MA 02631 US,,,,,,,,,,,,,,,,
b4c84c40-553b-4698-8c14-4735b448c9d7,17/08/2007,,999-45-6564,,,,Randy955,Rippin447,,,,white,german,M,Brookfield MA US,941 Jakubowski Mountains Suite 418 Brewster MA 02631 US,,,,,,,,,,,,,,,,
cff2fdc9-3728-4bd5-9d48-d3c8d0d68c5b,15/10/1965,,999-47-1525,S99958415,FALSE,Mrs.,Johnathon159,Morissette909,,Hettinger748,M,hispanic,puerto_rican,F,Northborough MA US,885 Zieme Manor Dennis MA 02638 US,,,,,,,,,,,,,,,,
4719446d-8aa6-4176-8e9a-d34e68c0bf80,13/02/1967,,999-56-9993,S99994554,FALSE,Mr.,Francis775,Dickinson336,,,M,white,italian,M,Somerville MA US,34043 Emmitt Plains Apt. 975 Falmouth MA 02541 US,,,,,,,,,,,,,,,,
ebe7c18e-3afa-48e6-b014-71eb053bb8ef,04/10/1938,,999-98-6695,S99922373,X68344477X,Mrs.,Tom891,Farrell246,,Bernier680,M,white,french,F,Northbridge MA US,4170 Stewart Plaza Bourne MA 02532 US,,,,,,,,,,,,,,,,
7bdccc8a-0e5d-4f5c-a3d5-83ce1ad27855,23/05/1955,24/01/1982,999-22-4448,S99942603,X88347743X,Mr.,Quinn617,Nicolas801,,,,white,russian,M,Worcester MA US,92391 Frederique Courts Suite 394 Falmouth MA 02540 US,,,,,,,,,,,,,,,,
bf668458-b112-4bc6-bb27-56d2c73dda44,06/02/2000,,999-32-3266,S99969204,,,Melissa487,Nicolas801,,,,white,italian,M,Boston MA US,8763 Stoltenberg Road Suite 157 Chatham MA 02633 US,,,,,,,,,,,,,,,,
5d861bc7-16be-4790-baab-8d2473f96566,18/05/2012,,999-77-8906,,,,Reece798,Muller64,,,,white,italian,M,Acton MA US,657 Klocko Shoal Suite 314 Dennis MA 02638 US,,,,,,,,,,,,,,,,
c1f1d2d5-0a10-4929-8eae-92c6c380b605,04/05/1919,22/10/2006,999-52-1862,S99963196,FALSE,Mrs.,Bertram407,Shields195,,Parisian795,M,white,irish,F,Saugus MA US,817 Mara Forest Barnstable MA 02630 US,,,,,,,,,,,,,,,,
c7b731f9-0022-4e02-a865-410071e03737,18/10/1936,13/04/1975,999-94-3923,S99990128,X83339536X,Mrs.,Ashton906,Spinka682,,Strosin15,M,white,scottish,F,Ashland MA US,8252 Roel Junction Chatham MA 02633 US,,,,,,,,,,,,,,,,
ee4cf5bc-4a68-4272-b7ce-3f5ac0395ed0,06/12/1942,,999-96-4842,S99966535,X78227008X,Mr.,Aimee608,Tillman389,,,M,white,french_canadian,M,Boston MA US,674 Schaden Trafficway Suite 196 Barnstable MA 02630 US,,,,,,,,,,,,,,,,
a3df1780-1240-44c8-b950-c62035a254d8,03/07/1927,02/03/1992,999-72-3127,S99980163,X18432720X,Mrs.,Timothy297,Okuneva503,,Hirthe52,M,white,american,F,Franklin Town MA US,48844 Fay Isle Suite 679 Barnstable MA 02630 US,,,,,,,,,,,,,,,,
4b6af58c-8dc1-4fff-8b56-cc37448cb201,01/02/1928,28/11/1928,999-97-8930,,,,Garrick891,Pouros815,,,,white,american,F,Waltham MA US,72426 Stark Estate Barnstable MA 02630 US,,,,,,,,,,,,,,,,
3091055c-4ed0-419c-b585-b09c270eb365,08/06/1943,05/11/2007,999-40-7622,S99923164,X44138249X,Mrs.,Annabel692,Hand296,,Windler822,M,white,french_canadian,F,Duxbury MA US,70395 Blick Villages Apt. 966 Falmouth MA 02543 US,,,,,,,,,,,,,,,,
489c1748-cf21-4127-94e5-5ddbd7cd4061,14/02/1995,,999-98-5442,S99979399,X74673651X,Mr.,Marilie382,Friesen949,,,,white,french_canadian,M,Everett MA US,652 Imani Ports Apt. 606 Brewster MA 02631 US,,,,,,,,,,,,,,,,
59438df6-0341-43b3-bff7-5710793c38d2,23/12/1965,,999-54-2744,S99987196,FALSE,Mrs.,Fred469,Hackett678,,Leuschke227,M,white,italian,F,Worcester MA US,839 Howe Expressway Falmouth MA 02543 US,,,,,,,,,,,,,,,,
1677769d-5ca2-449b-9bba-30d8a9dbe02c,30/10/1949,13/01/2008,999-81-6554,S99986164,X68145745X,Mr.,Danyka849,Leffler929,,,M,white,irish,M,Newton MA US,6983 Abdul Way Brewster MA 02631 US,,,,,,,,,,,,,,,,
00d27ddc-57c7-4592-85fe-cd962599c8b2,24/03/1925,10/12/1983,999-18-8658,S99925735,FALSE,Mr.,Reggie29,Rau904,,,M,white,french_canadian,M,Quincy MA US,4582 Joanie Street Brewster MA 02631 US,,,,,,,,,,,,,,,,
ccc88ea2-3e88-457b-a152-c3096c5717d6,21/04/1952,,999-76-6446,S99962253,FALSE,Mr.,Jaycee83,Yundt612,,,M,white,italian,M,Wellesley MA US,828 Shana Field Suite 843 Chatham MA 02633 US,,,,,,,,,,,,,,,,
16c6956c-5e12-45ff-943d-be5438afd56b,01/09/1991,,999-75-4736,S99941753,X36825233X,Ms.,Brant17,Buckridge255,,,,white,french,F,Boston MA US,4193 Wilhelmine Plaza Apt. 199 Brewster MA 02631 US,,,,,,,,,,,,,,,,
86d1bbe1-69a4-461a-803d-dec063084227,21/01/1910,15/01/1999,999-13-4765,S99958782,X74155068X,Mrs.,Mary937,Monahan893,,Corkery325,M,white,irish,F,Worcester MA US,28233 Eveline Cove Bourne MA 02559 US,,,,,,,,,,,,,,,,
353f1f47-8f98-4891-b985-b016b3486e0a,26/09/1913,21/04/1995,999-19-7928,S99960700,X62148970X,Mrs.,Autumn241,Welch327,,Kshlerin530,M,white,swedish,F,Sudbury MA US,7264 Alysson Crossroad Suite 378 Bourne MA 02559 US,,,,,,,,,,,,,,,,
cac029c4-3c82-483b-9306-8a5ad40bdc0a,17/10/1969,,999-69-2967,S99959544,X53055283X,Mrs.,Flo503,Willms697,,Conroy165,M,white,italian,F,Andover MA US,6633 Hoeger Field Apt. 993 Bourne MA 02532 US,,,,,,,,,,,,,,,,
97663aeb-508f-4910-9d10-022e53777554,25/01/1994,,999-64-4691,S99965868,FALSE,Mr.,Ricardo578,Ankunding471,,,,white,italian,M,Boston MA US,6821 Philip Forges Apt. 192 Chatham MA 02633 US,,,,,,,,,,,,,,,,
e8c79333-cea7-4321-b40e-560c4eef0ea6,19/04/1958,,999-18-4587,S99962589,X68253623X,Ms.,Lisandro80,Beahan56,,,S,white,german,F,Wareham MA US,954 Carmen Underpass Apt. 178 Chatham MA 02633 US,,,,,,,,,,,,,,,,
bd584e6f-e74d-4b51-8644-30f9c5ad7b76,12/07/1945,25/03/1994,999-46-2567,S99922219,FALSE,Mrs.,Napoleon626,Franecki287,,Skiles207,M,white,italian,F,Brockton MA US,7019 Geraldine Pass Apt. 786 Dennis MA 02638 US,,,,,,,,,,,,,,,,
941b4e9c-ef19-4222-97d8-06a5e607f861,28/01/2008,,999-88-6865,,,,Hailey957,Littel446,,,,white,english,M,Swansea MA US,636 Funk Ford Chatham MA 02633 US,,,,,,,,,,,,,,,,
74dc8cdc-68b7-48c7-bc93-fbbdb5918a78,21/12/1960,25/10/2011,999-71-1258,S99942062,X60369050X,Mr.,Jarod785,Yundt612,,,M,white,french,M,Quincy MA US,81198 Goldner Bridge Apt. 770 Bourne MA 02532 US,,,,,,,,,,,,,,,,
7aa0e41a-5467-4b85-9542-803c514ee21a,06/08/1962,,999-46-2075,S99972871,FALSE,Mr.,Angela361,Gleichner481,,,M,white,irish,M,Barnstable Town MA US,3113 Renner Neck Apt. 356 Brewster MA 02631 US,,,,,,,,,,,,,,,,
c93fc2a0-48c9-4a2f-a121-de9883e9718d,27/07/1954,,999-35-2597,S99982121,X72900200X,Mr.,Edmond417,Stark492,,,S,white,russian,M,Milton MA US,306 Kovacek Villages Falmouth MA 02540 US,,,,,,,,,,,,,,,,
5da522f6-8f15-4271-bad4-601c65e477a4,09/06/1949,,999-48-5226,S99933346,X72372246X,Ms.,Lea840,McClure754,,,S,white,german,F,Leominster MA US,24783 Cassin Glens Suite 439 Bourne MA 02532 US,,,,,,,,,,,,,,,,
a24ce2ce-6ba1-49dc-b930-c5f4a00edbc2,07/08/2000,,999-67-4833,S99920612,,,Columbus180,Stark492,,,,white,english,M,Boston MA US,90578 Trisha Hills Dennis MA 02638 US,,,,,,,,,,,,,,,,
d475e8ad-5d6b-4a47-a92c-9d8bf123304f,21/04/1928,27/01/1996,999-35-5092,S99955673,X32829271X,Mrs.,Brain403,Bruen922,,Orn984,M,white,american,F,Framingham MA US,3033 Bashirian Grove Apt. 415 Barnstable MA 02630 US,,,,,,,,,,,,,,,,
dcd23f4a-86f9-4dd4-841b-2b45532f1fea,20/07/1918,14/03/1998,999-39-1980,S99980830,FALSE,Mrs.,Marjorie174,King747,,Stiedemann939,M,white,irish,F,Watertown Town MA US,383 Marks Inlet Barnstable MA 02630 US,,,,,,,,,,,,,,,,
4b13ab1c-157a-4473-b186-5a8093bdebad,14/12/1945,,999-66-9974,S99973046,X47401684X,Mrs.,Amos977,Reynolds922,,Kreiger23,M,white,irish,F,Worcester MA US,4030 Balistreri Pass Chatham MA 02633 US,,,,,,,,,,,,,,,,
65fc7cc7-d76b-41d5-854a-1ff4541db22a,28/01/1932,12/07/2001,999-58-9027,S99990893,X38035171X,Mr.,Marina829,Hahn996,,,M,white,french_canadian,M,Raynham MA US,1283 Titus Terrace Brewster MA 02631 US,,,,,,,,,,,,,,,,
36032645-1ebb-468e-b67a-11bb095e7322,28/07/1949,,999-45-1229,S99923461,X71670735X,Mr.,Dale169,Carroll658,,,M,white,irish,M,Amherst MA US,27163 Klein Stravenue Apt. 452 Brewster MA 02631 US,,,,,,,,,,,,,,,,
4cd61971-4855-43a5-8335-5356d8be183a,16/01/1937,,999-99-7787,S99943829,X74838205X,Ms.,Zander873,Doyle678,,,S,white,scottish,F,New Bedford MA US,20193 Daugherty Hollow Chatham MA 02633 US,,,,,,,,,,,,,,,,
5f4e5c33-9e31-49ca-bee7-eca2729b3e51,12/04/1944,,999-78-3146,S99994874,X16240553X,Mrs.,Rhea634,Bailey579,,Ward255,M,white,french_canadian,F,Framingham MA US,61119 Larson Junctions Apt. 151 Falmouth MA 02540 US,,,,,,,,,,,,,,,,
b7958f5c-4ca9-495d-8b26-4fd0d5bd8ffe,31/10/1956,,999-48-8200,S99923878,FALSE,Mrs.,Sadye778,Anderson350,,Vandervort620,M,hispanic,mexican,F,Dracut MA US,7797 Tyree Wells Suite 283 Falmouth MA 02543 US,,,,,,,,,,,,,,,,
00200d7d-8745-42cc-ac66-d7c16403a605,25/11/2007,,999-12-3794,,,,Dell853,Schoen119,,,,white,polish,F,Brockton MA US,9072 Makayla Cove Brewster MA 02631 US,,,,,,,,,,,,,,,,
5d71cf3e-327c-48a0-9ce0-60f57e03db9a,27/02/1989,,999-11-3241,S99983870,X26582987X,Mrs.,Jevon556,Connelly0,,Pfeffer477,M,white,french_canadian,F,Greenfield Town MA US,52679 Chadrick Port Apt. 306 Brewster MA 02631 US,,,,,,,,,,,,,,,,
490ad0bb-0362-4ea6-882f-8446d94acf2f,13/09/1993,,999-88-5054,S99940140,FALSE,Mr.,Aimee608,Klein442,,,,white,french,M,Chelsea MA US,91415 Bergnaum Shore Suite 951 Brewster MA 02631 US,,,,,,,,,,,,,,,,
9bed7e8b-0aad-4789-aced-1217c4963ddf,27/08/1950,08/06/2002,999-60-8806,S99993699,X70146170X,Mr.,Brent783,Fadel237,,,M,white,italian,M,Marlborough MA US,5719 Weber Mill Suite 638 Bourne MA 02559 US,,,,,,,,,,,,,,,,
feff0c42-9287-47c3-8b02-6df3c1dc926a,15/01/1927,23/04/2008,999-39-7654,S99929385,X72421419X,Mrs.,Jaycee83,Smitham705,,Doyle678,M,white,irish,F,Newton MA US,856 Etha Squares Apt. 781 Bourne MA 02559 US,,,,,,,,,,,,,,,,
9ed73144-a8d9-41d7-a79d-046aa818ce78,24/01/1961,,999-99-5353,S99963738,X85496039X,Mr.,Crystal102,Effertz802,,,S,white,french,M,Norton MA US,25156 Pagac Mews Bourne MA 02559 US,,,,,,,,,,,,,,,,
96b8583f-c1b1-451c-ad70-022d5d38369a,26/03/1954,09/05/2011,999-69-8286,S99956461,X65211149X,Mr.,Oceane669,Fritsch85,,,M,white,scottish,M,Adams MA US,284 Kling Fort Brewster MA 02631 US,,,,,,,,,,,,,,,,
b6811b0c-bfc4-4446-b69f-4beafa752772,05/05/1945,,999-62-7535,S99912797,FALSE,Mr.,Einar940,McClure754,,,M,white,irish,M,Quincy MA US,8519 Rodger Lock Falmouth MA 02540 US,,,,,,,,,,,,,,,,
e0ba5e59-3b86-4f17-85ba-ca8eece276cb,23/12/1987,,999-95-6662,S99970962,X11206857X,Ms.,Dayne488,Ratke467,,,S,white,portuguese,F,Hamilton MA US,90713 Karelle Common Falmouth MA 02543 US,,,,,,,,,,,,,,,,
d5911610-47c1-4643-8f93-7b7c7d182de4,25/07/1951,26/07/2008,999-47-7680,S99914649,X28531627X,Mr.,Rosalinda270,Mitchell717,,,M,white,portuguese,M,Dartmouth MA US,449 Turcotte Stravenue Apt. 766 Brewster MA 02631 US,,,,,,,,,,,,,,,,
fb8f2ef1-cdbe-4a7d-b3e8-92e1637ec6cc,02/04/1914,29/01/1997,999-25-4246,S99974755,X46896493X,Ms.,Freeda210,Balistreri143,,,S,white,swedish,F,Burlington MA US,5169 Mateo Crossroad Apt. 520 Bourne MA 02559 US,,,,,,,,,,,,,,,,
e3e15e0b-c55a-43be-ba65-c5ee11adead5,29/11/1933,05/01/2011,999-93-9971,S99949056,X20073147X,Mrs.,Domenic780,Dicki714,,Kub782,M,white,english,F,Marshfield MA US,58728 Jast Skyway Suite 217 Chatham MA 02633 US,,,,,,,,,,,,,,,,
5e9108c8-5c8c-4946-8a84-8fc18a262f41,16/05/1985,,999-69-3946,S99974993,X87991745X,Mrs.,Kennith153,Green619,,Towne582,M,white,portuguese,F,Haverhill MA US,7320 Ryan Fords Brewster MA 02631 US,,,,,,,,,,,,,,,,
bf76f12e-5db7-4af7-92da-e5b2ac4a3021,29/05/1953,,999-45-8120,S99959531,FALSE,Mrs.,Sandra558,West921,,Okuneva503,M,white,polish,F,Revere MA US,7795 Marcel Burgs Brewster MA 02631 US,,,,,,,,,,,,,,,,
0f09b2f1-f056-49ab-8679-807710285f90,10/08/1945,,999-19-8128,S99960656,FALSE,Mrs.,Aileen665,Flatley743,,Luettgen780,M,white,italian,F,Melrose MA US,92465 Kling Orchard Dennis MA 02638 US,,,,,,,,,,,,,,,,
8a8f963f-8c3f-43c6-9de2-33dbd55199df,20/12/1994,,999-89-8419,S99959465,X45564223X,Mr.,Evie716,Muller64,,,,white,english,M,Chicopee MA US,6507 Douglas Crossroad Apt. 894 Chatham MA 02633 US,,,,,,,,,,,,,,,,
80455c55-ded5-43b5-8c48-b45af4820997,14/01/2008,,999-94-5024,,,,Bradford773,Bauch930,,,,white,polish,M,Chicopee MA US,23055 Zemlak Gateway Suite 992 Dennis MA 02638 US,,,,,,,,,,,,,,,,
056530b9-085e-4fb6-9c09-bcab29b7bbe4,01/06/2014,,999-71-7034,,,,Alexandra356,Mertz249,,,,hispanic,central_american,M,Peabody MA US,57663 Parisian Islands Apt. 507 Brewster MA 02631 US,,,,,,,,,,,,,,,,
06233bc8-fc47-4d32-9c6a-ff583b6be734,26/12/1931,21/06/1997,999-69-7875,S99937889,FALSE,Mr.,Bertha490,Quigley689,,,M,white,french_canadian,M,Norton MA US,6752 Kiera Ridges Brewster MA 02631 US,,,,,,,,,,,,,,,,
3f631898-0dba-461a-9bfc-edf6d18ee7a4,07/11/1942,09/11/1987,999-36-5985,S99957146,FALSE,Mr.,Faye259,Larson691,,,S,white,english,M,Pittsfield MA US,6940 Mayer Views Brewster MA 02631 US,,,,,,,,,,,,,,,,
2743fbd9-c6ea-4d95-ab95-f8c6aeaa8900,1987-03-0269fae894-8c0c-4563-9541-ae65524de2e8,,23/04/1952,,,999-64-1387,999-93-7145S99920679,,S99939095,X55669396X,Mr.,Erling845,FALSE,Mr.,Carolina302,Weimann43,,Hettinger748,,M,,white,,englishM,,M,white,american,Milton MA USM,,Randolph MA US,8656 Kirlin Pass Suite 878 Chatham MA 02633 US332 Maurice Groves Brewster MA 02631 US
,,,,,,,,,,,,,,,,,,,,,,,,,,,,,,,,
9d45a354-46b1-4983-b22f-cf2f6e6e7a6b,09/06/1990,,999-24-7365,S99995362,X38210974X,Mr.,Bobbie527,Johns198,,,,white,irish,M,Randolph MA US,41760 Greenfelder Plains Apt. 911 Dennis MA 02638 US,,,,,,,,,,,,,,,,
c08cb161-a923-4a77-9e04-0ab46862309a,26/09/1927,12/12/2011,999-51-4552,S99927021,X11635812X,Mrs.,Darrin319,Conn229,,Gorczany993,M,white,american,F,Abington MA US,507 Schultz Mountain Apt. 203 Barnstable MA 02630 US,,,,,,,,,,,,,,,,
6fda17aa-c90f-4dc7-8f31-dbb6d625b4d3,29/11/1946,08/06/2007,999-13-1616,S99952017,X55785687X,Mr.,Giovani207,Howell391,,,S,white,english,M,Avon MA US,56476 Kallie Wells Suite 423 Chatham MA 02633 US,,,,,,,,,,,,,,,,
80a85325-43e8-4421-8375-847bda6b7e28,06/04/1919,22/06/1997,999-33-4453,S99935118,FALSE,Mrs.,Marjorie174,Casper135,JD,Waters709,M,white,irish,F,Harwich MA US,8902 Delaney Ways Barnstable MA 02630 US,,,,,,,,,,,,,,,,
3577a687-47fa-44e1-95f1-d8558ea40f25,15/03/1943,17/06/1963,999-82-3392,S99938879,X12729807X,Mr.,Willis280,Becker694,,,,white,english,M,Sudbury MA US,943 Mante Mills Apt. 590 Brewster MA 02631 US,,,,,,,,,,,,,,,,
7dfc9a9e-0227-4165-b6e3-3122090ee3b4,16/11/1953,,999-72-7699,S99944059,X32050892X,Mr.,Imelda804,Anderson350,,,M,white,scottish,M,Lowell MA US,734 Goyette Roads Apt. 810 Brewster MA 02631 US,,,,,,,,,,,,,,,,
d57d694b-a0f7-47cd-af52-41dbd8945388,17/10/1984,,999-31-9974,S99996937,FALSE,Mrs.,Lisandro80,Collier562,,Johnston958,M,white,english,F,Arlington MA US,8606 Fahey Wells Brewster MA 02631 US,,,,,,,,,,,,,,,,
9b407b6e-f579-418f-9ea6-5ae36dccc51f,16/01/1927,26/09/1993,999-68-5383,S99938473,FALSE,Mrs.,Viva42,Paucek838,,Romaguera219,M,white,irish,F,Haverhill MA US,3902 Kelly Rue Suite 830 Bourne MA 02532 US,,,,,,,,,,,,,,,,
f31203bb-564e-4b7f-a18d-ecda499e37d2,16/02/1951,15/04/2016,999-27-7810,S99940690,X13586578X,Mr.,Brielle339,Powlowski414,,,M,white,italian,M,Seekonk MA US,7434 Donnelly Falls Bourne MA 02532 US,,,,,,,,,,,,,,,,
da4bb3cf-22f5-4c45-ba9c-a34dc9c85fca,02/04/1952,,999-30-9265,S99962291,X62754088X,Mr.,Veda708,Denesik641,,,M,white,portuguese,M,Boston MA US,405 Sauer Ford Apt. 941 Brewster MA 02631 US,,,,,,,,,,,,,,,,
d749d187-148a-4eff-80c6-59a1d96e8910,08/06/1957,,999-97-9519,S99965493,X98103660X,Ms.,Erica712,Cummerata780,,,S,white,polish,F,North Reading MA US,33150 Braun Streets Suite 858 Falmouth MA 02540 US,,,,,,,,,,,,,,,,
9890f3d8-6e6d-4a42-a903-357b5d3f4d8e,12/06/1984,,999-29-7395,S99956217,X46206567X,Mrs.,Chanelle833,Ziemann158,,Zulauf284,M,white,german,F,Marblehead MA US,2434 Conrad Flat Brewster MA 02631 US,,,,,,,,,,,,,,,,
b29a8c17-bb6a-42f5-b7bb-65baff6fe0b5,09/12/1943,,999-78-7844,S99987675,X42758731X,Mrs.,Luisa857,Walsh695,,McDermott490,M,white,american,F,Chelsea MA US,1905 Dewayne Lights Apt. 543 Brewster MA 02631 US,,,,,,,,,,,,,,,,
ee920117-b649-46c6-b1f1-7005a95e1ced,01/03/1958,,999-66-9317,S99938465,FALSE,Mrs.,Joe114,Wisozk385,,Ortiz21,M,white,english,F,Groton MA US,2615 Heller Row Brewster MA 02631 US,,,,,,,,,,,,,,,,
3d725fb7-22cd-4566-aac5-bb927bfba90d,27/04/1991,,999-40-3436,S99962499,X58006230X,Ms.,Braeden516,Gibson528,,,,white,portuguese,F,Northborough MA US,45638 Kessler Burg Apt. 328 Dennis MA 02638 US,,,,,,,,,,,,,,,,
12166133-6f89-45bb-877c-4ecf78c756c9,12/09/1931,09/06/1990,999-57-1905,S99963597,X54365471X,Mr.,Velma922,Gulgowski15,,,S,white,french_canadian,M,Arlington MA US,818 Mayert Crescent Brewster MA 02631 US,,,,,,,,,,,,,,,,
44d573ef-049f-4245-a847-55932a212621,11/05/1934,15/01/2013,999-10-3882,S99956982,X43135154X,Mrs.,Marielle398,Turcotte237,,Tromp639,M,white,english,F,Randolph MA US,412 Barrows Roads Chatham MA 02633 US,,,,,,,,,,,,,,,,
d7c7ab8e-0bb6-42d9-8191-437b898db273,17/04/2011,,999-10-7042,,,,Eugene922,Barton351,,,,white,irish,M,Gardner MA US,7559 Mohr Estate Chatham MA 02633 US,,,,,,,,,,,,,,,,
0989f064-e347-4378-a66f-a2b9c695af6d,05/02/1941,01/11/1985,999-49-4569,S99919451,X64055852X,Mrs.,Kelvin575,Schuppe795,,Reichert456,M,white,english,F,Cambridge MA US,390 Murphy Prairie Dennis MA 02638 US,,,,,,,,,,,,,,,,
47039a9f-7556-4cb9-a417-1c17c0d8da7a,17/05/1975,,999-29-6073,S99924229,X60070218X,Mr.,Newton655,Dooley862,,,M,white,irish,M,Boston MA US,702 Hammes Valley Apt. 330 Brewster MA 02631 US,,,,,,,,,,,,,,,,
00e2c228-a534-48d3-bd11-21126a9e23bf,12/03/1951,27/06/1998,999-40-3079,S99947649,X35215868X,Mr.,Trinity56,Wiegand160,,,M,white,italian,M,Chelsea MA US,411 Brekke Mill Suite 150 Bourne MA 02559 US,,,,,,,,,,,,,,,,
54d3efc5-a044-4b35-8918-7954f7a26f3d,14/06/1913,11/09/1993,999-42-9187,S99950362,FALSE,Ms.,Thurman123,Boyle761,,,S,white,swedish,F,Boston MA US,410 Schaden Squares Bourne MA 02559 US,,,,,,,,,,,,,,,,
ca034664-db8e-4b07-b760-e015fbe33a19,06/12/1981,,999-75-8146,S99982818,X55963222X,Mrs.,Keeley532,Willms697,,Rogahn469,M,white,italian,F,Brookline MA US,2528 Lemke Bypass Apt. 190 Falmouth MA 02543 US,,,,,,,,,,,,,,,,
5dc4f5bb-7844-4562-8b1d-f402d2c69e9a,05/10/1942,25/05/2009,999-44-8587,S99965262,FALSE,Mr.,Clay857,Cremin119,,,S,white,english,M,Lawrence MA US,773 Kuhn Curve Apt. 691 Brewster MA 02631 US,,,,,,,,,,,,,,,,
35f8bcc5-b6b3-4dde-91ec-b7bd9d3c004c,26/04/1984,,999-57-4580,S99952792,X32681357X,Mrs.,Pattie23,McCullough226,,Green619,M,white,portuguese,F,Natick MA US,3950 Walsh River Brewster MA 02631 US,,,,,,,,,,,,,,,,
ddcfc10a-32eb-4efe-b8a8-845696512359,12/01/1941,08/12/1963,999-79-7699,S99927677,X63155817X,Ms.,Domenico896,Klein442,,,,white,english,F,Plymouth MA US,9586 Mills Trail Dennis MA 02638 US,,,,,,,,,,,,,,,,
c65fd3b9-64d4-49f1-a969-08a6dd4b719c,21/09/1982,,999-86-4474,S99952081,FALSE,Mr.,Kirk305,Yost319,,,M,white,italian,M,Boston MA US,8378 Dicki Junctions Apt. 533 Chatham MA 02633 US,,,,,,,,,,,,,,,,
dc5d0c6e-eb94-436c-8dbe-f2263068b7b2,25/08/1946,,999-30-3315,S99990130,FALSE,Mr.,Domenic780,Metz823,,,M,white,english,M,Dartmouth MA US,630 Reichel Road Apt. 349 Chatham MA 02633 US,,,,,,,,,,,,,,,,
5510be2c-35b6-44ba-9b0c-6ed00d137de9,20/04/1928,05/11/2010,999-15-7002,S99928282,FALSE,Mrs.,Magdalena967,Jakubowski657,,Stiedemann939,M,white,american,F,Milton MA US,684 Murray Overpass Barnstable MA 02630 US,,,,,,,,,,,,,,,,
7b1fe179-f824-4dd0-a9e0-f4b3ceb8a510,29/03/1945,27/06/2008,999-94-5632,S99937230,X41937665X,Mr.,Lafayette275,Schuppe795,,,M,white,italian,M,Lowell MA US,8068 Nicolas Junctions Brewster MA 02631 US,,,,,,,,,,,,,,,,
f8eae885-7bc7-4f16-a208-86aba08ea0e5,25/08/1930,05/06/2006,999-63-4243,S99990999,X39519837X,Mrs.,Vergie449,Hilpert863,,Gislason613,M,white,irish,F,West Springfield Town MA US,549 Dallas Plaza Apt. 901 Barnstable MA 02630 US,,,,,,,,,,,,,,,,
fa77f711-4a71-4165-bc47-81457e0f7517,16/11/2008,,999-17-3345,,,,Kip363,Spencer391,,,,white,english,F,Medfield MA US,271 Maxwell Overpass Apt. 584 Brewster MA 02631 US,,,,,,,,,,,,,,,,
75274903-0e5e-429d-bfde-0efd5263e8a1,06/09/1968,,999-58-7101,S99929430,FALSE,Mrs.,Rickie967,Hartmann887,,Ernser526,M,white,italian,F,Newton MA US,9008 Theo Shoal Suite 876 Brewster MA 02631 US,,,,,,,,,,,,,,,,
64c17071-054c-4a19-8f0b-400716a47c8c,05/02/1941,,999-97-3680,S99989621,X79018242X,Mr.,Arvilla615,Wilderman814,,,M,white,german,M,Westborough MA US,948 Arturo Alley Brewster MA 02631 US,,,,,,,,,,,,,,,,
2f49ee83-307c-4d20-82da-806668d5ee05,01/03/1967,,999-65-3919,S99989798,X22724979X,Mrs.,Gilberto139,Kling953,,Kozey657,M,white,italian,F,Cambridge MA US,42951 Pfannerstill Mountain Apt. 219 Chatham MA 02633 US,,,,,,,,,,,,,,,,
d8ec6b8a-7bdc-45fd-804a-71d686cce1f5,10/03/1927,01/03/2007,999-40-5716,S99991315,X34560977X,Mrs.,Wendell39,Hills743,,Weissnat992,M,white,irish,F,Waltham MA US,64335 Anderson Plain Bourne MA 02559 US,,,,,,,,,,,,,,,,
6c3dbfe8-0cff-4b1f-8a89-376de1cd16af,23/08/1968,,999-28-7675,S99919376,X15466859X,Mr.,Kenyon659,Kerluke829,,,S,white,english,M,Brookfield MA US,42087 Beatty Avenue Brewster MA 02631 US,,,,,,,,,,,,,,,,
7bcf5a06-6f56-4713-8557-7033bc95d83c,04/01/1996,,999-52-2006,S99939119,X15602176X,Ms.,Nella738,McDermott490,,,,white,portuguese,F,Brockton MA US,78931 Abshire Loaf Falmouth MA 02543 US,,,,,,,,,,,,,,,,
49927ae3-5543-416c-90d9-7ec118921c78,04/02/1991,,999-54-3592,S99966011,FALSE,Ms.,Mortimer734,Runte265,,,,white,french,F,Winchester MA US,73948 Else Curve Suite 721 Falmouth MA 02543 US,,,,,,,,,,,,,,,,
85fcbc91-5308-4d51-9921-ab2bd2752c7b,07/12/1931,25/02/2008,999-32-5753,S99923038,X22113665X,Mr.,Johnpaul155,Kessler674,,,S,white,french_canadian,M,Hingham MA US,3332 Runolfsdottir Crossroad Apt. 600 Brewster MA 02631 US,,,,,,,,,,,,,,,,
f23bb832-6a35-452d-a7b7-0b2b5c96439e,15/01/1934,22/10/2001,999-86-3419,S99929416,FALSE,Mrs.,Maybell611,Runolfsson61,,Towne582,M,white,english,F,Boston MA US,812 Considine Creek Chatham MA 02633 US,,,,,,,,,,,,,,,,
cbd75be1-f4e1-4e77-b628-cfcaecea2d28,02/06/1957,,999-77-5016,S99985343,FALSE,Mr.,Diego171,Runte265,,,S,white,italian,M,Chelmsford MA US,9551 Cronin Island Falmouth MA 02540 US,,,,,,,,,,,,,,,,
8a1adcd5-79cc-463a-908c-a387de4af6e6,21/03/1988,,999-72-9204,S99943739,FALSE,Mrs.,Garfield809,Erdman844,,Kulas605,M,white,italian,F,Wales MA US,87675 Johnathan Forks Suite 757 Falmouth MA 02540 US,,,,,,,,,,,,,,,,
e03ba6da-d873-4b33-a2d6-0bbcdb1262b8,24/04/1951,,999-80-3219,S99949768,X41465545X,Mr.,Kip363,Fadel237,,,M,white,italian,M,Walpole MA US,99090 Jacobson Greens Apt. 168 Bourne MA 02532 US,,,,,,,,,,,,,,,,
1ab45505-0255-4941-8244-e84524991b59,30/12/1907,11/04/1966,999-89-7879,S99943063,FALSE,Mr.,Krystina585,Skiles207,,,M,hispanic,puerto_rican,M,Agawam Town MA US,3953 Baumbach Cliff Brewster MA 02631 US,,,,,,,,,,,,,,,,
b88e91ef-b811-4823-912b-a72124bf7481,13/01/1968,09/12/2006,999-41-9279,S99935148,X72169664X,Mr.,Queen331,Muller64,,,M,white,irish,M,Norfolk MA US,6123 Levi Brook Apt. 160 Falmouth MA 02541 US,,,,,,,,,,,,,,,,
0b35c409-bfc6-49b6-b726-552ed75ec374,20/05/1989,,999-62-1214,S99981910,X21058021X,Mrs.,Brandy286,Emard123,,Hickle792,M,white,italian,F,Townsend MA US,3977 Imani Trace Falmouth MA 02543 US,,,,,,,,,,,,,,,,
687093c9-a004-4296-a834-5b7726ede0a9,03/08/1950,,999-93-9457,S99951135,FALSE,Mr.,Destiny696,Reinger879,,,M,white,irish,M,Kingston MA US,86240 Scottie Brook Suite 472 Brewster MA 02631 US,,,,,,,,,,,,,,,,
aba4f9cf-6b72-41f5-8085-f2725488c3fb,26/11/1940,04/04/2006,999-90-2371,S99911267,FALSE,Ms.,Wilford711,Pacocha576,,,S,white,english,F,Chelmsford MA US,927 Josiah Crescent Suite 985 Dennis MA 02638 US,,,,,,,,,,,,,,,,
1683909a-9207-48c4-af08-ba23515747f6,04/01/2004,,999-97-6460,,,,Issac928,Abshire919,,,,white,american,M,Lexington MA US,53279 Oleta Lights Falmouth MA 02543 US,,,,,,,,,,,,,,,,
88bca75b-632a-4396-a492-22abefd2ca09,12/12/1997,,999-18-2899,S99969710,,Ms.,Dewayne410,Maggio705,,,,white,italian,F,Boston MA US,999 Ziemann Square Apt. 348 Falmouth MA 02543 US,,,,,,,,,,,,,,,,
75c04c8e-6ecf-4ce5-91bc-036759ffa174,08/02/1943,,999-20-5053,S99952988,X71005673X,Mr.,Meagan42,Kilback494,,,M,white,english,M,Easthampton Town MA US,7890 Stoltenberg Summit Brewster MA 02631 US,,,,,,,,,,,,,,,,
e02071ef-47df-41da-813a-eda30c1e4958,20/07/1959,,999-23-3041,S99986261,X86225526X,Mr.,Leopoldo57,Ankunding471,,,M,white,german,M,Lowell MA US,22339 Waelchi Lakes Falmouth MA 02541 US,,,,,,,,,,,,,,,,
cf941473-d5a7-480d-a050-26340504216a,03/07/1944,03/05/2008,999-33-6407,S99960773,FALSE,Mr.,Shanon876,Johnson303,,,M,white,italian,M,Natick MA US,65539 Alfredo Square Apt. 840 Brewster MA 02631 US,,,,,,,,,,,,,,,,
a08a345e-56c2-47cb-86fa-c10140f25855,18/01/2012,,999-48-3067,,,,Gabrielle73,Corwin850,,,,white,italian,M,Springfield MA US,24277 Isobel Loaf Suite 197 Falmouth MA 02543 US,,,,,,,,,,,,,,,,
f939c7e4-7686-4b50-92aa-f65d28736faa,29/11/1927,27/03/1988,999-38-4401,S99912239,FALSE,Mrs.,Nathen556,Green619,,Bahringer198,M,white,american,F,Brockton MA US,2013 Robyn Valley Suite 406 Barnstable MA 02630 US,,,,,,,,,,,,,,,,
0256677c-ab17-4962-b470-73da659ae642,06/01/1930,,999-26-6129,S99914340,FALSE,Mrs.,Darryl844,Mante943,,Leuschke227,M,white,swedish,F,Ware MA US,7697 Graham Canyon Bourne MA 02559 US,,,,,,,,,,,,,,,,
6eef2e24-d2cd-4d77-ac30-81da1f56a9b5,06/04/1931,13/04/2009,999-66-3672,S99930432,FALSE,Mrs.,Wilhelmine261,Vandervort620,,King747,M,white,irish,F,Charlton MA US,321 Lester Valleys Suite 757 Barnstable MA 02630 US,,,,,,,,,,,,,,,,
2e39ff1f-911e-449d-9d24-fd675a86adf0,05/10/2000,,999-27-3135,S99967857,,,Lydia432,Runolfsson61,,,,white,irish,F,Douglas MA US,820 Walton Gateway Suite 853 Barnstable MA 02630 US,,,,,,,,,,,,,,,,
ea9c7238-a660-44fe-8048-7808c07e5799,02/09/1962,02/06/2011,999-60-6337,S99998964,FALSE,Mr.,Guido25,Rippin447,,,M,black,african,M,East Longmeadow MA US,2992 Ernestina Glens Bourne MA 02532 US,,,,,,,,,,,,,,,,
ae41cbfd-2323-43dd-b552-a96d6d879d02,22/11/1989,,999-87-1064,S99988273,X77280071X,Mrs.,Patsy71,Kautzer530,,Keebler235,M,white,polish,F,Concord MA US,720 Yoshiko Spring Dennis MA 02638 US,,,,,,,,,,,,,,,,
595a7072-113b-431d-8874-16ecd64f67d9,25/08/1978,,999-11-4434,S99997775,FALSE,Mr.,Marco989,Thompson901,,,S,hispanic,puerto_rican,M,Blackstone MA US,471 Zulauf Terrace Suite 400 Dennis MA 02638 US,,,,,,,,,,,,,,,,
48287492-001a-48ef-a2fc-cd60733ad52d,08/03/1975,,999-31-3114,S99985454,FALSE,Ms.,Marquise18,Zulauf284,,,S,white,italian,F,Plymouth MA US,721 Lockman Canyon Dennis MA 02638 US,,,,,,,,,,,,,,,,
b57d53e6-06b1-4935-a1cc-c3e3d63c4865,22/06/1926,18/01/2011,999-98-4908,S99995373,FALSE,Mrs.,Adalberto403,O'Kon648,,Bahringer198,M,white,irish,F,Medfield MA US,8238 Lavada Path Suite 322 Bourne MA 02532 US,,,,,,,,,,,,,,,,
d4899f3a-da1b-4975-a4b3-4c4d5185bfe6,04/10/1998,,999-89-9579,S99934052,,Mr.,Tessie547,McKenzie863,,,,white,english,M,Peabody MA US,192 Josue Branch Suite 795 Barnstable MA 02630 US,,,,,,,,,,,,,,,,
fc23a16c-49bf-4562-957f-a4aff0b40077,19/07/1967,,999-77-7768,S99918260,FALSE,Mr.,Candace534,Wisoky878,,,S,white,irish,M,Peabody MA US,73641 Darrell Hills Apt. 857 Falmouth MA 02540 US,,,,,,,,,,,,,,,,
b7a421d5-87fe-4511-a940-cc30361a7767,30/08/1968,,999-40-5125,S99943515,X35874319X,Mr.,Aaliyah567,Roob929,,,M,white,polish,M,Andover MA US,64914 Kris Summit Apt. 742 Falmouth MA 02540 US,,,,,,,,,,,,,,,,
b09946b0-b344-4a4a-a77f-8a7ec7655f37,20/10/1952,,999-85-2054,S99992602,FALSE,Mrs.,Myrl366,Sauer496,,Bode551,M,white,american,F,Worcester MA US,877 Hammes Estate Apt. 296 Falmouth MA 02540 US,,,,,,,,,,,,,,,,
fb0da904-f108-412c-999d-4e43628100d2,11/04/2002,,999-74-7937,,,,Rowan764,Goldner843,,,,white,italian,F,Lynn MA US,40082 Abe Underpass Falmouth MA 02540 US,,,,,,,,,,,,,,,,
51a05b20-f33c-4f44-8ff4-133e7497925c,25/03/1934,01/01/2006,999-14-4012,S99962719,FALSE,Ms.,Elmer0,Watsica156,,,S,white,english,F,Boston MA US,5561 Christiansen Walks Suite 895 Chatham MA 02633 US,,,,,,,,,,,,,,,,
bd53ce16-7812-4e9b-99ca-676c0c90b301,10/01/1932,,999-25-4465,S99968405,FALSE,Mr.,Nickolas328,Douglas750,,,M,white,french_canadian,M,Sudbury MA US,83385 Mariana Shoals Apt. 982 Brewster MA 02631 US,,,,,,,,,,,,,,,,
68757d5c-e897-4ba9-a2c9-3629f7d4097d,25/11/1973,,999-97-2504,S99998240,FALSE,Mr.,Yolanda107,Keebler235,,,M,white,irish,M,Dedham MA US,91645 Bernice Lakes Dennis MA 02638 US,,,,,,,,,,,,,,,,
43dcf348-4024-4bda-b9d5-e5874878d156,15/09/1955,,999-24-1175,S99976918,X61639091X,Mrs.,Scotty975,Legros728,,Schroeder130,M,white,english,F,Medford MA US,8339 White Station Apt. 499 Falmouth MA 02540 US,,,,,,,,,,,,,,,,
afd7aafb-7745-4fd4-b261-9e0868feadb6,19/10/1933,18/06/2009,999-65-1664,S99991983,X42476232X,Mr.,Bennett831,O'Kon648,,,M,white,french_canadian,M,Springfield MA US,3197 Shirley Highway Suite 125 Dennis MA 02638 US,,,,,,,,,,,,,,,,
a35f3666-5bb2-4a65-96be-d10bf743e46a,12/04/2006,,999-51-4829,,,,Viola555,Schmitt349,,,,white,italian,F,Revere MA US,437 Sienna Spurs Brewster MA 02631 US,,,,,,,,,,,,,,,,
44f5d054-6c4e-41c1-9afa-9ae7218119e1,26/04/1945,,999-61-1064,S99980420,X32097306X,Mr.,Sigrid689,Langworth348,,,M,white,italian,M,Woburn MA US,1202 Lavinia Mountains Apt. 764 Brewster MA 02631 US,,,,,,,,,,,,,,,,
4da6aa25-e448-4403-97d1-c4de0ebe6eb7,25/08/1930,16/03/1978,999-80-6960,S99916493,X37803987X,Mrs.,Tanner81,Cummerata780,,Boehm152,M,white,irish,F,Lawrence MA US,286 Pablo Views Barnstable MA 02630 US,,,,,,,,,,,,,,,,
fe30500f-09b1-4e0d-83f3-e128d6c9d5d8,28/08/1907,28/10/1998,999-41-5556,S99953877,FALSE,Mr.,King747,Quigley689,,,M,hispanic,puerto_rican,M,Rockland MA US,4950 Meda Bridge Apt. 377 Brewster MA 02631 US,,,,,,,,,,,,,,,,
3d32c21a-cc89-4090-a45b-9504cbed860d,19/11/1941,29/05/1978,999-80-2928,S99959849,FALSE,Mrs.,Quinten402,Trantow958,,Murphy757,M,white,irish,F,Lynn MA US,6480 Elvis Roads Brewster MA 02631 US,,,,,,,,,,,,,,,,
a473b983-8ad1-4ebe-91d5-e48e2d201c67,26/08/1940,,999-18-9645,S99933452,X11111512X,Mrs.,Mary937,Donnelly502,,Becker694,M,white,english,F,Boston MA US,4349 Bud Parkway Apt. 974 Dennis MA 02638 US,,,,,,,,,,,,,,,,
6ab89924-5d97-4915-a484-dd57255e4d45,01/11/1990,,999-72-9846,S99980962,FALSE,Ms.,Felix575,Blanda20,,,,white,american,F,Brockton MA US,3389 Nolan Inlet Apt. 976 Falmouth MA 02541 US,,,,,,,,,,,,,,,,
88f5e8a3-705b-46ce-b7f3-9dc85cbd16b7,08/02/2013,,999-64-9996,,,,Maxine401,Morar586,,,,white,german,F,Gloucester MA US,6997 Robyn Flat Apt. 863 Dennis MA 02638 US,,,,,,,,,,,,,,,,
276b3c0b-89a8-4d50-81d3-29c3e203e796,26/01/1963,,999-69-6621,S99959554,FALSE,Mr.,Brandi317,Koch570,,,M,black,african,M,Saugus MA US,770 Norberto Keys Apt. 132 Bourne MA 02559 US,,,,,,,,,,,,,,,,
7e7d8c27-1ebf-4431-ba0a-362522f3608a,24/10/1951,,999-53-2921,S99932858,FALSE,Mrs.,Ari934,Herzog43,,Ankunding471,M,white,italian,F,Grafton MA US,4178 Legros Bypass Falmouth MA 02543 US,,,,,,,,,,,,,,,,
5d1ceef5-d320-4c82-b2bc-fe4bb32f03a3,20/03/2015,,999-40-8093,,,,Sheridan824,Hammes374,,,,white,french,F,Walpole MA US,95414 Klocko Mews Falmouth MA 02540 US,,,,,,,,,,,,,,,,
6ebadd2e-33c3-42d9-b24a-8fafb544ae9b,14/12/1969,,999-38-8069,S99990166,FALSE,Mrs.,Evert722,Cormier933,,Wuckert293,M,white,irish,F,Lynn MA US,20081 Bria Rue Falmouth MA 02543 US,,,,,,,,,,,,,,,,
8523580e-b606-4950-b5fe-0333c5724a70,04/06/1983,,999-28-2436,S99933881,X71818566X,Mr.,Stella475,Cormier933,,,S,asian,chinese,M,Wayland MA US,1293 Leonel Ports Falmouth MA 02541 US,,,,,,,,,,,,,,,,
f7b55cd2-ecb5-413b-aa89-9e8cedadc7f1,21/07/1957,,999-14-8354,S99965182,X70956010X,Ms.,Gail261,Christiansen946,,,S,white,english,F,Lowell MA US,5164 Elody Meadow Apt. 539 Falmouth MA 02541 US,,,,,,,,,,,,,,,,
ec5c22d9-49cd-4482-b0b2-c8f0c73e6afc,06/12/1955,,999-60-4318,S99962483,X18640486X,Mrs.,Jackson893,Conroy165,,Schamberger177,M,white,italian,F,Winthrop Town MA US,36474 Tristian Forks Brewster MA 02631 US,,,,,,,,,,,,,,,,
133418b2-0811-4975-8a6b-c96330e04d6b,10/05/1947,,999-99-4142,S99935850,X41513984X,Mr.,Aletha571,Greenfelder59,,,M,white,italian,M,Palmer Town MA US,370 Cummings Mission Barnstable MA 02630 US,,,,,,,,,,,,,,,,
6bfb14b5-c31a-4175-8b87-9b614623330e,05/09/1933,03/04/1994,999-73-9871,S99947350,X94405131X,Mrs.,Suzanne745,Parisian795,,Conroy165,M,white,english,F,Milton MA US,38585 Boyer Oval Chatham MA 02633 US,,,,,,,,,,,,,,,,
6361cc1c-c819-4200-bbe9-c2fe4eed08a4,22/03/1961,,999-20-1120,S99941744,FALSE,Mr.,Sydnee912,Langosh323,,,M,white,french_canadian,M,Chelmsford MA US,5893 Sofia Camp Suite 964 Falmouth MA 02541 US,,,,,,,,,,,,,,,,
2dcbb80c-4d0b-4bac-9dbf-335e288de8fb,24/11/1941,,999-92-2095,S99973848,X53400981X,Mr.,Arlo12,VonRueden892,,,M,black,african,M,Boston MA US,5275 Claire Way Suite 638 Falmouth MA 02543 US,,,,,,,,,,,,,,,,
69442c6b-8824-49be-9c68-a18aece5811d,20/09/1965,,999-19-5065,S99972238,FALSE,Ms.,Bethel787,Thompson901,,,S,white,portuguese,F,Wilmington MA US,5531 Conn Drive Brewster MA 02631 US,,,,,,,,,,,,,,,,
ec5e6f1f-800e-49c0-b5b8-140d2180f9ee,03/03/1994,,999-68-5349,S99999940,X19593333X,Mr.,Damien864,Deckow187,,,,black,west_indian,M,Quincy MA US,239 Emanuel Gardens Falmouth MA 02540 US,,,,,,,,,,,,,,,,
318dce50-9fb3-4e05-8105-1181b6283faa,17/11/1926,06/09/2006,999-27-9235,S99923362,FALSE,Mrs.,Adan559,Howell391,,Ullrich303,M,white,irish,F,Pepperell MA US,188 Price Street Bourne MA 02559 US,,,,,,,,,,,,,,,,
5b07eb12-75bb-475d-b597-2391ad1ade23,28/07/2015,,999-85-1532,,,,Rodrick558,Stark492,,,,white,french,M,Easton MA US,1129 Miller Turnpike Apt. 114 Falmouth MA 02540 US,,,,,,,,,,,,,,,,
cce7ca1d-7a01-4087-8d36-f3d64e5c0ad5,09/01/1908,19/01/1956,999-82-4209,S99967850,FALSE,Mr.,Jonathan787,Cassin602,,,M,hispanic,puerto_rican,M,North Andover MA US,78588 Herzog Fork Brewster MA 02631 US,,,,,,,,,,,,,,,,
a9551ef6-96ec-4d05-a0d0-687e6ec87959,23/02/1966,,999-30-2760,S99991958,X72004308X,Mr.,Edgardo783,Lindgren82,,,M,white,italian,M,East Bridgewater MA US,44377 Goldner Rue Apt. 528 Dennis MA 02638 US,,,,,,,,,,,,,,,,
c7102d86-5698-4221-ba56-5b3296793a4c,06/08/1962,,999-59-6651,S99968578,FALSE,Mr.,Tatyana261,Cummings800,,,M,white,irish,M,Marlborough MA US,841 Block Haven Apt. 485 Falmouth MA 02541 US,,,,,,,,,,,,,,,,
e7bb1a4c-607e-495c-860d-1d032e10f6fd,10/10/2009,,999-81-1006,,,,Reyna660,Schuppe795,,,,white,portuguese,M,Westfield MA US,44730 Beier Shoals Barnstable MA 02630 US,,,,,,,,,,,,,,,,
ebefbc25-a8b6-4182-9268-d597e61fcb73,01/11/1933,16/03/2005,999-98-2020,S99977519,FALSE,Mr.,Kali471,Weber322,,,M,white,french_canadian,M,Springfield MA US,59870 Kulas Manor Dennis MA 02638 US,,,,,,,,,,,,,,,,
95e7570e-e7be-47f1-be82-7b5ba1298e3d,01/08/1930,08/05/1998,999-88-5609,S99949392,X78898094X,Mrs.,Patience222,Flatley743,,Smith847,M,white,irish,F,Revere MA US,616 Emiliano Heights Suite 499 Barnstable MA 02630 US,,,,,,,,,,,,,,,,
cdc70195-c965-4bee-8163-abd19a703b95,12/01/1978,,999-13-5918,S99920679,X91748947X,Mr.,Remington665,Funk679,,,S,white,italian,M,Fall River MA US,94139 Johnnie Avenue Falmouth MA 02543 US,,,,,,,,,,,,,,,,
af0c43e2-d795-4acb-ade8-91cc9befa2f1,02/01/1949,29/10/2008,999-66-1001,S99981536,X43498052X,Mr.,Keon278,Wilkinson801,,,M,white,italian,M,Brockton MA US,5672 Luigi Bypass Falmouth MA 02543 US,,,,,,,,,,,,,,,,
38d79e35-2778-4a59-9c4b-1b72d0c3e0dd,07/06/1949,20/11/1984,999-32-7172,S99962962,FALSE,Mr.,Uriah430,Bode551,,,M,white,english,M,Weymouth Town MA US,351 Elvie Square Barnstable MA 02630 US,,,,,,,,,,,,,,,,
5aee99be-9748-461d-9ab6-01be952bbb15,28/04/1942,,999-41-5145,S99981389,X80333691X,Mrs.,Noemie880,Wisoky878,,Turner411,M,white,irish,F,Middleton MA US,540 Cremin Street Suite 863 Brewster MA 02631 US,,,,,,,,,,,,,,,,
d1c04675-25a1-4d1c-ad22-61e78cf52226,30/11/1966,,999-43-6347,S99915282,X80982462X,Mr.,Ashlynn659,Stiedemann939,,,M,white,french_canadian,M,Andover MA US,456 Lesch Square Apt. 639 Falmouth MA 02543 US,,,,,,,,,,,,,,,,
37db871a-5629-4950-ab8c-f36fe8f0e8da,14/01/1978,,999-59-6954,S99958694,FALSE,Mrs.,Jamarcus415,Wilderman814,,Will523,M,white,english,F,Springfield MA US,388 Harvey Haven Apt. 874 Falmouth MA 02540 US,,,,,,,,,,,,,,,,
dbcadd4b-2053-47a1-8100-b3478c494fc8,22/05/1985,,999-62-4653,S99931497,FALSE,Ms.,Hank101,Braun965,,,S,white,polish,F,Worcester MA US,2128 Lowe Islands Dennis MA 02638 US,,,,,,,,,,,,,,,,
77d635b4-ba59-4b33-990f-bca4e7056d13,06/12/1958,,999-66-2937,S99924475,X11947615X,Mrs.,Guy339,Johnston958,,Boyle761,M,white,irish,F,Hull MA US,61654 Marlee Course Falmouth MA 02543 US,,,,,,,,,,,,,,,,
abc4a2cc-8df6-4d04-93e7-3387c35e478f,12/01/1944,,999-71-2240,S99974992,FALSE,Mr.,Frank915,Spencer391,,,S,white,italian,M,Worcester MA US,8928 Sydnee Fork Falmouth MA 02543 US,,,,,,,,,,,,,,,,
a2089559-cf08-421d-b3ca-2c7763f3bb3c,11/05/1918,24/02/1962,999-22-7987,S99969901,X47651712X,Mr.,Reynold531,Farrell246,,,M,white,irish,M,Whitman MA US,98711 Gerhold Inlet Barnstable MA 02630 US,,,,,,,,,,,,,,,,
72fb63bd-543e-49a7-9c37-be041940772d,09/04/2004,,999-13-3744,,,,Maci962,McCullough226,,,,white,italian,F,Dracut MA US,88200 Lindgren Manor Suite 911 Barnstable MA 02630 US,,,,,,,,,,,,,,,,
5797b131-aa67-4d02-bd41-358775d0ff01,13/09/1941,03/12/2016,999-93-3638,S99971023,FALSE,Mrs.,Golda131,Cartwright250,,Labadie734,M,hispanic,puerto_rican,F,Winchester MA US,8609 Uriel Drive Bourne MA 02559 US,,,,,,,,,,,,,,,,
1839b541-a4ae-41dc-b567-83f8cd40c2c3,24/08/1907,17/11/1956,999-78-6072,S99941470,FALSE,Mr.,Cleora642,Batz332,,,M,hispanic,puerto_rican,M,Marlborough MA US,8757 Pacocha Garden Apt. 684 Brewster MA 02631 US,,,,,,,,,,,,,,,,
59b1b98e-d403-4d68-8b7a-67c595978625,28/03/1934,26/01/2005,999-38-8469,S99957108,FALSE,Mrs.,Lennie39,Greenfelder59,,Bins978,M,white,english,F,Malden MA US,6702 Cordell Crossing Chatham MA 02633 US,,,,,,,,,,,,,,,,
9f213094-03f3-4836-958b-e91a81201f6a,15/03/1949,,999-55-4309,S99990445,FALSE,Mrs.,Bryce495,Lemke797,,Murphy757,M,white,polish,F,Rochester MA US,4498 Gusikowski Court Apt. 856 Falmouth MA 02540 US,,,,,,,,,,,,,,,,
6819fc9c-e6d4-4ae9-9706-b6d2175fca23,22/01/2000,,999-69-9720,S99954185,,,Anahi574,Daniel706,,,,white,french,M,Lawrence MA US,70596 Marks Ranch Suite 863 Falmouth MA 02543 US,,,,,,,,,,,,,,,,
1e5df7c8-e543-4c24-88df-8d76a8613822,18/08/1933,06/10/2000,999-53-4957,S99930639,X71682336X,Mr.,Brannon867,Witting337,,,M,white,french_canadian,M,Salem MA US,2535 McKenzie Stream Apt. 696 Dennis MA 02638 US,,,,,,,,,,,,,,,,
433449ed-d61c-41ae-b1cd-3c033bd49b1a,28/12/1930,13/07/1989,999-80-5544,S99965779,FALSE,Mrs.,Myah528,Schaefer735,,Mann540,M,white,irish,F,Hadley MA US,25413 Hoppe Court Apt. 628 Barnstable MA 02630 US,,,,,,,,,,,,,,,,
96fcdd63-a67e-4ed5-9a65-2885c7d4eef1,06/05/1940,,999-59-3197,S99955555,FALSE,Mrs.,Gisselle424,Grimes456,,Boyle761,M,white,english,F,Fitchburg MA US,79736 Gutkowski Oval Barnstable MA 02630 US,,,,,,,,,,,,,,,,
f31f2ff5-520c-4b12-b385-fdf1a34a115f,26/12/1939,27/01/2009,999-73-7903,S99980425,FALSE,Ms.,Pascale883,Runte265,,,S,white,polish,F,Clinton MA US,754 Hackett Loop Barnstable MA 02630 US,,,,,,,,,,,,,,,,
9ec8ca8d-c5fc-49b3-aaa9-4139dc129011,03/05/1950,,999-21-6942,S99987876,X90179525X,Mr.,Julianne444,Murphy757,,,M,white,english,M,Westfield MA US,9384 Leanne Manors Apt. 658 Barnstable MA 02630 US,,,,,,,,,,,,,,,,
c305f0f4-72de-49d0-9950-266e5dfa5288,15/08/1948,,999-95-8151,S99933967,X13404699X,Mr.,Nico457,Kreiger23,,,M,white,italian,M,East Brookfield MA US,51134 Hoppe Mill Falmouth MA 02540 US,,,,,,,,,,,,,,,,
96ea04f1-98f2-4f13-958a-9a18d5c16d11,01/12/1968,,999-17-3869,S99954943,X29575635X,Mrs.,Mireille72,Stamm279,,Bashirian129,M,white,german,F,Salem MA US,269 Grimes Light Dennis MA 02638 US,,,,,,,,,,,,,,,,
09379aaa-f733-412b-a45b-9b984d79d3a8,06/08/1947,,999-90-6504,S99920836,FALSE,Mrs.,Ed98,Brekke994,,Weimann43,M,white,swedish,F,Westfield MA US,19503 Casandra Ways Suite 673 Barnstable MA 02630 US,,,,,,,,,,,,,,,,
a8e26662-1e96-4c0e-89fa-10efc152eec1,20/12/1956,,999-42-2166,S99948436,FALSE,Mrs.,Justina640,Paucek838,,Brekke994,M,white,italian,F,Watertown Town MA US,76593 Hobart Path Suite 893 Falmouth MA 02543 US,,,,,,,,,,,,,,,,
2792e32e-0fae-45e6-9ea0-5f808c3283b1,28/02/1942,24/12/2002,999-50-4043,S99915751,FALSE,Mrs.,Mia740,Spinka682,,Bayer843,M,hispanic,puerto_rican,F,Monterey MA US,263 Fritsch Springs Bourne MA 02559 US,,,,,,,,,,,,,,,,
a94a8816-62e0-4897-b1c2-8947088a062a,12/09/2011,,999-63-5505,,,,Emie329,Cormier933,,,,white,italian,M,Worcester MA US,6342 Micheal Pike Dennis MA 02638 US,,,,,,,,,,,,,,,,
bda0a57f-7a63-4e84-a972-b920ad13584e,22/07/1935,,999-83-6751,S99965753,FALSE,Mr.,Lupe538,Heathcote725,,,S,white,irish,M,Brookline MA US,66813 Noel Courts Falmouth MA 02540 US,,,,,,,,,,,,,,,,
2b0ff195-0cbc-4305-89ff-9c190e474a7b,15/10/1932,07/03/1998,999-12-3006,S99976817,X56970717X,Mrs.,Angela361,Durgan203,,Nolan207,M,hispanic,puerto_rican,F,Winthrop Town MA US,8352 Kenton Hills Falmouth MA 02541 US,,,,,,,,,,,,,,,,
46bdd67c-46cc-4401-970a-40f3b0a7c7c4,08/02/1952,,999-56-5153,S99936478,X10678468X,Mrs.,Natasha560,Beahan56,,Labadie734,M,white,french_canadian,F,Tyngsborough MA US,62365 Leffler Mission Falmouth MA 02543 US,,,,,,,,,,,,,,,,
0c22a46a-8510-45dd-b3ae-38e0ea9f06b6,06/11/1942,31/03/2000,999-67-5730,S99962824,FALSE,Mrs.,Yasmin926,Wunsch254,,Barrows37,M,white,german,F,Worcester MA US,4126 Ferry Well Apt. 968 Falmouth MA 02541 US,,,,,,,,,,,,,,,,
c801fdb7-c009-47c9-a57e-5b3cdf25e28c,25/03/1988,,999-75-6151,S99923506,FALSE,Mr.,Russ973,Franecki287,,,S,white,polish,M,Kingston MA US,255 Robel Rue Barnstable MA 02630 US,,,,,,,,,,,,,,,,
5cf84bfb-6702-4c76-9031-63898f10f939,29/12/1991,,999-15-5638,S99935318,FALSE,Mr.,Freeda210,Koelpin39,,,,black,african,M,Worcester MA US,34910 Konopelski Walks Bourne MA 02559 US,,,,,,,,,,,,,,,,
8afba45e-5d43-42d5-9ce4-a67930cfed44,18/05/1951,,999-65-2419,S99990918,FALSE,Mrs.,Antwan294,Bechtelar324,,Gorczany993,M,white,scottish,F,Beverly MA US,3257 Dietrich Summit Apt. 598 Falmouth MA 02541 US,,,,,,,,,,,,,,,,
09344bc1-da53-48a6-a5cf-dbc5d5c379fc,21/04/1918,16/03/2001,999-15-6554,S99999663,X76347465X,Mr.,Demetrius912,Krajcik227,,,M,white,irish,M,Fitchburg MA US,583 Huels Locks Barnstable MA 02630 US,,,,,,,,,,,,,,,,
3ff188e5-dd31-4f03-8287-4f739c1007b8,30/10/1907,26/01/1983,999-52-3202,S99931628,FALSE,Mr.,Ernie234,Wiza76,,,S,hispanic,puerto_rican,M,West Springfield Town MA US,876 Reilly Drive Brewster MA 02631 US,,,,,,,,,,,,,,,,
022804f1-a4f2-41b7-aa75-b296f11289a2,04/08/1964,,999-10-8168,S99913145,FALSE,Mrs.,Maud865,Rempel495,,Berge315,M,white,scottish,F,Natick MA US,471 Cole Dale Dennis MA 02638 US,,,,,,,,,,,,,,,,
06dbef18-6034-405d-975b-268f77933bc6,17/07/1998,,999-15-8631,S99923883,,Ms.,Shania658,Tremblay288,,,,white,russian,F,Worcester MA US,74874 Purdy Squares Dennis MA 02638 US,,,,,,,,,,,,,,,,
be517a55-a3f6-44d4-b975-fab840856660,29/10/2011,,999-43-9435,,,,Clifford283,Donnelly502,,,,white,italian,M,Quincy MA US,8863 Annabel Islands Apt. 303 Barnstable MA 02630 US,,,,,,,,,,,,,,,,
8a3b7e8a-32c6-4bb8-b14e-f7bd7702f88d,06/05/1960,,999-33-5297,S99963456,FALSE,Mrs.,Rossie136,O'Reilly368,,Auer76,M,white,irish,F,Worcester MA US,64142 Upton Heights Barnstable MA 02630 US,,,,,,,,,,,,,,,,
f1c8f969-b0df-45c0-ad10-827d71423aa1,11/05/1974,,999-65-4901,S99915274,FALSE,Mr.,Modesta892,Carter849,,,M,white,swedish,M,Brookline MA US,61050 Fadel Ports Suite 446 Barnstable MA 02630 US,,,,,,,,,,,,,,,,
9f9a1254-a0e1-4f42-a334-b0553008c03d,13/03/1934,05/03/2007,999-23-6952,S99926938,FALSE,Mr.,Jude119,Wilkinson801,,,M,white,french_canadian,M,Milford MA US,8433 Okuneva Parkway Suite 521 Dennis MA 02638 US,,,,,,,,,,,,,,,,
42f2f4a4-7c42-4744-9273-f941cd91e473,21/01/1975,15/03/1985,999-16-8088,,,,Torey759,Schaden136,,,,white,english,M,Springfield MA US,7471 Conroy Cape Barnstable MA 02630 US,,,,,,,,,,,,,,,,
d1e25898-dadb-42e3-947b-6468763d9777,19/05/1934,,999-73-1102,S99990078,X57663887X,Mrs.,Carley263,Hayes297,,MacGyver61,M,white,english,F,West Springfield Town MA US,55609 Marquardt Street Chatham MA 02633 US,,,,,,,,,,,,,,,,
a4438573-0eaa-479e-adf6-f975a2108b51,11/12/2004,,999-39-1961,,,,Tatyana261,Gaylord311,,,,white,italian,F,Lawrence MA US,30258 Walker Greens Dennis MA 02638 US,,,,,,,,,,,,,,,,
5bb9b159-3b4c-4525-8dde-e0729bb1406f,24/07/1953,,999-69-5130,S99934348,FALSE,Mr.,Missouri866,Braun965,,,M,white,irish,M,North Andover MA US,304 Christelle Prairie Dennis MA 02638 US,,,,,,,,,,,,,,,,
db03b948-2d7c-40d3-994b-dccdbfdcc2e8,16/10/1939,,999-93-4238,S99968949,FALSE,Mrs.,Alycia652,Schimmel523,,Rempel495,M,white,polish,F,Lowell MA US,327 Schmeler Points Barnstable MA 02630 US,,,,,,,,,,,,,,,,
88fe613e-a236-4948-907a-e1ab2fbc940c,27/01/2001,,999-83-2467,S99971978,,,Blaze322,Pouros815,,,,white,swedish,M,Berlin MA US,6092 Afton Ports Dennis MA 02638 US,,,,,,,,,,,,,,,,
b2155de6-7961-45f0-9b0f-a5d617365697,01/03/1948,,999-58-1499,S99931458,X78632800X,Mr.,Florence425,Deckow187,,,M,white,english,M,Westford MA US,55671 Walter Skyway Suite 845 Barnstable MA 02630 US,,,,,,,,,,,,,,,,
6c7cbd6a-8781-4c0a-ae5f-c66ca0783ffa,15/03/1997,,999-35-5222,S99970712,FALSE,Mr.,Deven300,Jacobi311,,,,white,english,M,Northampton MA US,896 Johns Keys Suite 759 Dennis MA 02638 US,,,,,,,,,,,,,,,,
dcfaff5e-fbef-4a8c-8b40-e098d3e2d337,24/08/1965,,999-18-1852,S99947073,X16271773X,Mrs.,Pat205,Considine342,,Heathcote725,M,white,italian,F,Danvers MA US,71486 Crist Mission Falmouth MA 02540 US,,,,,,,,,,,,,,,,
22ce239b-fc41-484e-9a8e-658d055e9f62,04/05/1988,,999-47-7993,S99917836,X13442256X,Mrs.,Jerry826,Hilll641,,Welch327,M,white,english,F,Boston MA US,8110 Bogan Green Chatham MA 02633 US,,,,,,,,,,,,,,,,
ece9fc01-7d1c-4ac4-9ecf-02aef3d197b3,18/06/1941,18/03/2009,999-40-2837,S99943096,FALSE,Ms.,Sammy80,Bogisich844,,,S,hispanic,puerto_rican,F,Greenfield Town MA US,8227 Sharon Heights Suite 300 Bourne MA 02559 US,,,,,,,,,,,,,,,,
293ca178-8cda-4e14-a39f-c44d0bb06704,02/07/2009,,999-30-1449,,,,Milford469,Russel945,,,,white,italian,M,Groton MA US,214 Diana Unions Apt. 778 Dennis MA 02638 US,,,,,,,,,,,,,,,,
d6bcef57-f228-47ce-ac58-301914cfabdb,18/06/1931,05/02/1987,999-33-8746,S99985514,FALSE,Mr.,Lenny85,Flatley743,,,M,hispanic,puerto_rican,M,Westford MA US,7897 Gustave Grove Apt. 701 Brewster MA 02631 US,,,,,,,,,,,,,,,,
7d2ee822-338d-4dfe-9296-833aca43f945,05/05/1909,11/02/1970,999-37-9852,S99931880,X37326510X,Mrs.,Zachariah940,Spinka682,,Conroy165,M,white,german,F,Lowell MA US,93433 Kreiger Throughway Barnstable MA 02630 US,,,,,,,,,,,,,,,,
eb99f12a-a23e-4c57-808b-1ac3be92865a,29/11/1974,,999-85-6749,S99976206,X28964296X,Mr.,Ruben216,Paucek838,,,M,white,english,M,Newbury MA US,104 Hermiston Stream Barnstable MA 02630 US,,,,,,,,,,,,,,,,
946c989e-4899-441e-83d6-544b52691e3f,04/01/1951,12/01/2012,999-55-5234,S99988604,FALSE,Mr.,Ruthe392,Stanton789,,,M,white,american,M,Pittsfield MA US,91007 America Bridge Suite 792 Dennis MA 02638 US,,,,,,,,,,,,,,,,
5d3b2c24-7f10-4d4f-bf96-ed132f816568,14/12/1942,15/02/2011,999-82-3891,S99974073,FALSE,Mrs.,Colleen870,Haag961,,Stamm279,M,white,german,F,Reading MA US,2987 Goldner Radial Suite 753 Falmouth MA 02541 US,,,,,,,,,,,,,,,,
5a3fb039-f24a-425d-9605-ddb03acbf3df,21/01/1958,,999-33-8657,S99987326,FALSE,Mr.,Maurine857,VonRueden892,,,M,black,dominican,M,Andover MA US,505 Jerome Forks Apt. 213 Dennis MA 02638 US,,,,,,,,,,,,,,,,
b1dbe184-4860-44e7-acf1-646df5aa9185,19/03/1945,,999-96-6254,S99978015,FALSE,Ms.,Orin307,Johnson303,,,S,white,irish,F,Boston MA US,98860 Hane Forge Barnstable MA 02630 US,,,,,,,,,,,,,,,,
d6ec8b71-ae8f-498b-b755-69584b19cab7,23/06/1995,,999-34-9360,S99951682,X66332892X,Mr.,Kade587,Okuneva503,,,,white,irish,M,Marion MA US,57881 Hayes Flat Apt. 716 Falmouth MA 02540 US,,,,,,,,,,,,,,,,
a84063f7-17c4-4941-9535-4bfeb85493fc,04/03/1933,,999-92-5455,S99927689,X79436282X,Ms.,Bell375,Gerhold521,,,S,hispanic,puerto_rican,F,Salem MA US,14281 Berge Lodge Apt. 805 Falmouth MA 02543 US,,,,,,,,,,,,,,,,
862784f7-8e36-45d2-a37b-f2f4d4c49e1f,08/04/1989,,999-10-4160,S99995952,X42132531X,Mr.,Luigi586,Swift777,,,M,white,scottish,M,Ludlow MA US,82386 Romaguera Ferry Suite 847 Chatham MA 02633 US,,,,,,,,,,,,,,,,
24883f46-65d7-41c5-9c51-420c8c8ea497,06/03/1918,09/01/2008,999-14-1537,S99989236,FALSE,Mr.,Rick768,Okuneva503,,,S,white,irish,M,Boston MA US,45064 Lorenz Spurs Suite 973 Barnstable MA 02630 US,,,,,,,,,,,,,,,,
e8e49614-aaba-4e53-b681-7ebafeb2104b,10/08/1956,,999-39-5191,S99921151,FALSE,Mrs.,Wilson108,Shields195,,Dibbert529,M,white,french,F,Franklin Town MA US,660 Felicita Hollow Dennis MA 02638 US,,,,,,,,,,,,,,,,
8e9988f3-7e9c-4060-82de-584ac8dd4ec3,12/04/1942,10/09/1995,999-41-8916,S99963207,X82484439X,Mr.,Waino460,Rolfson110,,,M,black,dominican,M,Tewksbury MA US,16995 Gretchen Lodge Suite 347 Dennis MA 02638 US,,,,,,,,,,,,,,,,
0c79059b-7c73-457b-9735-28feb416cf75,23/03/1924,02/05/1943,999-66-1221,S99953370,,Ms.,Kendra321,Quitzon392,,,,white,english,F,Norwell MA US,32353 Flatley Common Dennis MA 02638 US,,,,,,,,,,,,,,,,
dcaa05aa-0adf-4059-8ad1-89e9fde6a283,04/02/1985,,999-52-1506,S99973697,X48097419X,Mrs.,Lia429,Lakin763,,Hermann847,M,white,english,F,Boston MA US,170 Bell Prairie Dennis MA 02638 US,,,,,,,,,,,,,,,,
364d4c83-b6ff-47b7-9fa3-a11bd15290e5,25/09/1950,28/03/1983,999-54-9468,S99926707,FALSE,Mr.,Esmeralda517,Botsford57,,,S,white,american,M,Brookline MA US,539 Blaise Circles Dennis MA 02638 US,,,,,,,,,,,,,,,,
2a1c414b-bc38-4988-a4bb-8e784f98585e,28/10/1996,,999-39-8234,S99993659,X54673286X,Mr.,Margaretta386,Gottlieb72,,,,hispanic,puerto_rican,M,Newton MA US,7618 Johann Alley Suite 827 Falmouth MA 02543 US,,,,,,,,,,,,,,,,
c7a2585b-108a-43d6-95b4-c3e89dd0d06f,07/06/1992,,999-99-7762,S99945258,FALSE,Mr.,Edward431,Rempel495,,,,white,polish,M,Billerica MA US,77274 Daphnee Parks Dennis MA 02638 US,,,,,,,,,,,,,,,,
0740c029-755f-416b-988e-d0ab575fa7a6,25/12/1933,,999-48-8951,S99995648,FALSE,Mr.,Hildegard157,Shanahan442,,,S,white,french_canadian,M,Lexington MA US,51777 Lilla Extension Dennis MA 02638 US,,,,,,,,,,,,,,,,
872d958f-9a88-4f4b-81f8-adea56016ff1,05/12/2011,,999-31-9732,,,,Jane858,Keebler235,,,,white,portuguese,F,Whitman MA US,813 Waelchi Vista Suite 572 Falmouth MA 02541 US,,,,,,,,,,,,,,,,
0695ef84-7d30-4283-853b-7f47d993e6eb,05/06/1981,,999-89-8405,S99948289,X52692466X,Ms.,Aurelia354,Rempel495,,,S,white,irish,F,Boston MA US,12435 Deckow Ridge Apt. 748 Falmouth MA 02541 US,,,,,,,,,,,,,,,,
339d906b-5bdc-49b8-a44f-44650dbd41e8,09/02/1972,,999-73-1649,S99984369,FALSE,Mrs.,Johnny670,O'Hara796,,Haley553,M,white,german,F,Lynn MA US,43625 O'Reilly Court Apt. 609 Barnstable MA 02630 US,,,,,,,,,,,,,,,,
e960fc62-26f7-4186-b48b-f4a73cd5af8a,12/04/1942,31/08/1997,999-26-1062,S99992373,FALSE,Mrs.,Judah749,Goodwin263,,Hyatt507,M,hispanic,puerto_rican,F,Lowell MA US,3926 Eryn Forest Suite 457 Bourne MA 02559 US,,,,,,,,,,,,,,,,
fcf056c0-64fa-487b-952d-07e7cc3aee25,01/02/1932,02/11/1992,999-74-5178,S99990699,X21865109X,Mr.,Maymie275,Frami871,,,M,hispanic,puerto_rican,M,Boston MA US,336 Leonard Isle Suite 150 Brewster MA 02631 US,,,,,,,,,,,,,,,,
9762852f-aa08-4803-8cb1-07af8f0b3dea,09/06/1951,,999-55-9324,S99987690,X60726994X,Mr.,Arielle645,Abshire919,,,M,white,irish,M,Worcester MA US,223 Klein Skyway Dennis MA 02638 US,,,,,,,,,,,,,,,,
fb0a17b5-a979-4c6d-9e5c-279da6ffe92e,06/04/1958,,999-80-7991,S99933508,FALSE,Mr.,Patrick522,Volkman639,,,M,black,dominican,M,Seekonk MA US,30925 Christopher Alley Dennis MA 02638 US,,,,,,,,,,,,,,,,
e4c76572-ddac-4d92-b245-7b93ff95ed91,24/03/2002,,999-81-9318,,,,Eryn243,Veum951,,,,white,italian,F,Watertown Town MA US,29687 Chauncey Spur Suite 955 Barnstable MA 02630 US,,,,,,,,,,,,,,,,
dee777e8-9aa1-4608-8f9d-fb5614623af7,04/04/1940,06/04/2017,999-26-2223,S99920640,X23320123X,Ms.,Cornelius238,Daniel706,,,S,white,italian,F,Boston MA US,7623 Morissette Pike Dennis MA 02638 US,,,,,,,,,,,,,,,,
a78567c6-f331-42c9-bc3c-20565aebc489,30/08/1917,13/11/1971,999-64-5644,S99920570,FALSE,Mr.,Benjamin231,Abshire919,,,M,white,irish,M,Seekonk MA US,4514 Benedict Vista Suite 382 Barnstable MA 02630 US,,,,,,,,,,,,,,,,
374f51dd-d22e-4878-8234-d3d921f4dc47,14/10/1923,19/04/1970,999-50-6682,S99911353,FALSE,Ms.,Judy879,Langosh323,,,S,white,english,F,Fall River MA US,4678 Cordell Stream Dennis MA 02638 US,,,,,,,,,,,,,,,,
099c40fe-ebb8-4c76-933e-22abf338124f,15/03/1951,12/11/1998,999-51-2798,S99984724,FALSE,Mr.,Davon906,Friesen949,,,M,white,american,M,Brookfield MA US,969 Jevon Fort Suite 541 Dennis MA 02638 US,,,,,,,,,,,,,,,,
473a840f-9180-4263-9ff3-300e2733ba17,23/10/1977,,999-59-7173,S99960675,X36678606X,Mrs.,Olen471,Rowe334,,Crona311,M,white,italian,F,Quincy MA US,503 Loy Bridge Falmouth MA 02541 US,,,,,,,,,,,,,,,,
13801d37-3500-488d-ad97-65c5d0157ed5,02/11/1952,,999-26-4710,S99978559,X65411884X,Mr.,Uriel233,Gleason37,,,M,white,italian,M,Dedham MA US,9733 Dietrich Isle Chatham MA 02633 US,,,,,,,,,,,,,,,,
21d31948-2777-4752-81b2-f24a2f53094c,19/10/1942,,999-89-9058,S99951497,X65445901X,Mrs.,Myles728,Stiedemann939,,Flatley743,M,white,german,F,Braintree Town MA US,90819 Rosalinda Garden Falmouth MA 02540 US,,,,,,,,,,,,,,,,
2974fb92-893d-4ccf-a5cf-ec854ddb71fe,07/10/1958,04/11/2000,999-38-5718,S99918883,FALSE,Mr.,Jo228,Lubowitz329,,,M,white,irish,M,Grafton MA US,5123 Bonita Unions Suite 454 Dennis MA 02638 US,,,,,,,,,,,,,,,,
cb056d72-96aa-4158-97cc-89c8b59c25ff,29/11/1941,,999-72-8915,S99939453,X23697894X,Mr.,Adele964,Considine342,,,M,black,dominican,M,Braintree Town MA US,947 Kristopher Crescent Suite 872 Dennis MA 02638 US,,,,,,,,,,,,,,,,
88132605-c4bb-4ec5-b41c-d869de83dc32,30/04/1999,,999-16-4028,S99977640,,Mr.,Electa482,Maggio705,,,,white,irish,M,Lawrence MA US,86910 Stevie Lights Falmouth MA 02540 US,,,,,,,,,,,,,,,,
469d13f7-9ea9-490f-80eb-6c6663623caf,24/09/1970,,999-63-4802,S99961400,FALSE,Mr.,Kaylin955,Johnson303,,,M,white,irish,M,Lawrence MA US,99641 Baby Street Dennis MA 02638 US,,,,,,,,,,,,,,,,
22308e8a-b04d-49c0-ac7a-9e5010a37031,25/09/1931,07/01/1978,999-60-8420,S99937093,X61398151X,Mr.,Minnie872,Bergstrom813,,,M,hispanic,puerto_rican,M,Gloucester MA US,66597 Ferry Crossroad Brewster MA 02631 US,,,,,,,,,,,,,,,,
a3a40f50-145e-4d66-954b-45c6f5bc3426,08/04/1947,,999-43-3846,S99974697,X92793796X,Mrs.,Nettie123,Auer76,,Nicolas801,M,asian,asian_indian,F,Somerset MA US,637 Emmerich Hollow Apt. 877 Falmouth MA 02543 US,,,,,,,,,,,,,,,,
c34101ac-c85d-40cb-90e5-0a5d73274b69,06/01/1909,19/09/2007,999-34-2392,S99916402,X43131134X,Mrs.,Willie673,Wiegand160,,Jaskolski977,M,white,german,F,Holyoke MA US,168 Abbott Lane Suite 578 Barnstable MA 02630 US,,,,,,,,,,,,,,,,
1bc94dcb-b796-4b15-9854-a874ef0bb65c,04/07/1987,,999-11-5878,S99945781,X64949061X,Mrs.,Eryn243,Rutherford110,,Larson691,M,white,french_canadian,F,Brockton MA US,9354 Jessie Union Dennis MA 02638 US,,,,,,,,,,,,,,,,
c18b242c-aee9-4e62-8780-313486f08068,08/07/1944,,999-97-2348,S99937660,X96506685X,Mr.,Brooks121,Lang840,,,M,white,portuguese,M,Brookline MA US,48096 White Mountains Dennis MA 02638 US,,,,,,,,,,,,,,,,
55b66add-a94b-466b-8712-06860b23be5f,10/02/1996,,999-22-6693,S99957086,X94051930X,Mr.,Kianna313,Eichmann199,,,,white,irish,M,Sharon MA US,94279 Jakob Port Apt. 407 Falmouth MA 02541 US,,,,,,,,,,,,,,,,
e2139065-f057-4839-9882-0c868991151b,23/03/1951,14/01/2005,999-38-5768,S99985426,X14881301X,Mr.,Torey759,Rowe334,,,M,white,american,M,Springfield MA US,201 Esmeralda Plains Dennis MA 02638 US,,,,,,,,,,,,,,,,
a253c005-4bcb-4f62-a370-0a7179a3fa23,31/03/2012,,999-41-2681,,,,Sadie641,Wolf566,,,,white,portuguese,M,Chelmsford MA US,99971 Sibyl Path Suite 781 Falmouth MA 02540 US,,,,,,,,,,,,,,,,
5775f22f-26d2-4b37-b197-03b191c56616,23/12/1954,,999-70-6691,S99951132,FALSE,Ms.,Geovanny886,Deckow187,,,S,white,portuguese,F,West Springfield Town MA US,42505 Leannon Pine Apt. 739 Barnstable MA 02630 US,,,,,,,,,,,,,,,,
33a66738-8eba-4f96-acdb-e37a3579fbeb,04/05/1960,30/09/1990,999-43-8802,S99972112,X32396751X,Mrs.,Dolly90,Franecki287,,Schowalter565,M,white,irish,F,Boxborough MA US,491 Edward Wells Falmouth MA 02540 US,,,,,,,,,,,,,,,,
fceadd6b-f201-45ea-96ae-a5f008e9021b,04/03/2010,,999-13-4379,,,,Zack202,Cole983,,,,white,irish,F,Seekonk MA US,24642 Dustin Crescent Falmouth MA 02540 US,,,,,,,,,,,,,,,,
72333898-dc67-4a88-a8d7-6a8c747a9ed3,10/12/1994,,999-56-5212,S99929013,X88882185X,Mr.,Halie510,Adams180,,,,white,french,M,Beverly MA US,159 Larry Square Dennis MA 02638 US,,,,,,,,,,,,,,,,
ec48b2ce-4c39-4fc5-83a3-635bdfedbb1f,25/03/1942,,999-65-5704,S99931336,FALSE,Mrs.,Samara373,O'Conner125,,Daniel706,M,hispanic,puerto_rican,F,Lunenburg MA US,974 Goodwin Freeway Bourne MA 02532 US,,,,,,,,,,,,,,,,
2799553d-eb8b-4638-be95-e57c0a95fce8,15/01/1974,,999-99-2438,S99972212,X93928519X,Mrs.,Callie760,Watsica156,,Williamson583,M,white,irish,F,Boston MA US,661 Luther Path Falmouth MA 02543 US,,,,,,,,,,,,,,,,
ce0ac936-c6de-41db-82c5-b39de4da8f17,12/02/1940,23/03/2015,999-83-8315,S99962943,X69554172X,Mrs.,Naomi159,Bernier680,,Armstrong275,M,white,english,F,Waltham MA US,8500 Laury Pines Dennis MA 02638 US,,,,,,,,,,,,,,,,
246139b1-c422-4e98-a557-9c9031daa1dd,09/06/1939,,999-11-3094,S99928802,FALSE,Ms.,Lula824,Stroman864,,,S,white,italian,F,Norfolk MA US,494 Heather Vista Suite 459 Dennis MA 02638 US,,,,,,,,,,,,,,,,
cc3aa919-9cee-492b-bfb1-7db24d845989,20/01/1958,23/05/2011,999-85-7939,S99910173,FALSE,Mrs.,Santina76,Renner675,,King747,M,white,french_canadian,F,Ashland MA US,144 Francisca Isle Apt. 914 Chatham MA 02633 US,,,,,,,,,,,,,,,,
fc513ae5-f861-48bc-8bb8-4193cd50b56c,23/02/1918,22/03/2003,999-28-6710,S99970240,X44264930X,Mr.,Elvie465,Fisher354,,,M,white,irish,M,Ludlow MA US,32663 Kristian Stravenue Barnstable MA 02630 US,,,,,,,,,,,,,,,,
8385577e-9839-4f15-8fce-7ca8fc743d24,28/03/1960,06/12/1982,999-15-9037,S99920690,X66538999X,Ms.,Bridie596,Sipes819,,,,white,german,F,Boston MA US,897 Danny Lakes Barnstable MA 02630 US,,,,,,,,,,,,,,,,
1a2cf714-64f4-4c0c-a0f3-8fef9a361171,13/06/1958,,999-52-4868,S99957365,X18509659X,Mr.,Alexys610,Roberts86,,,M,white,irish,M,Ware MA US,244 Aron Crest Dennis MA 02638 US,,,,,,,,,,,,,,,,
d0c6e0f0-4d06-4f6b-bfd1-13ab366f8ced,12/07/1938,,999-88-3414,S99964580,X21603229X,Mrs.,Beaulah908,Hansen74,,Denesik641,M,white,irish,F,Boston MA US,1259 Luella Green Dennis MA 02638 US,,,,,,,,,,,,,,,,
e8ef5dce-821e-4ca8-807b-7a1943d66023,30/12/1946,06/07/1987,999-52-9615,S99982132,X21936799X,Mrs.,Braden770,Bartoletti882,,Zulauf284,M,white,french,F,Boston MA US,3542 Daugherty Fields Dennis MA 02638 US,,,,,,,,,,,,,,,,
2cb8bce2-a0c5-402a-b9b7-c2693cf1dbba,29/04/1960,,999-37-2318,S99944959,FALSE,Mrs.,Zena773,Prohaska228,,Von395,M,white,italian,F,Boston MA US,77851 Una Throughway Suite 565 Falmouth MA 02540 US,,,,,,,,,,,,,,,,
8376fa3c-c937-4c2f-8fd8-096b7212e54c,28/11/1908,28/05/1962,999-41-6531,S99978446,X52083911X,Mrs.,Leland714,Oberbrunner974,,Spencer391,M,white,german,F,Gardner MA US,32617 Kris Rapids Suite 343 Barnstable MA 02630 US,,,,,,,,,,,,,,,,
e006fe2b-7bf8-4b8e-8688-828852853c9b,17/08/1923,09/04/2004,999-86-6322,S99966528,FALSE,Ms.,Tracy510,Schmitt349,,,S,white,english,F,Dalton MA US,646 Kyla Dam Dennis MA 02638 US,,,,,,,,,,,,,,,,
6a48888e-27bc-474e-b5d0-b83d17d468b6,08/06/1994,,999-93-6309,S99934192,FALSE,Mr.,German847,Balistreri143,,,,white,german,M,Revere MA US,99343 Max Isle Dennis MA 02638 US,,,,,,,,,,,,,,,,
db804147-4df9-42d7-9e0b-2a88b14c647c,14/07/1927,27/04/1944,999-17-6980,S99975398,,,Nicklaus166,Metz823,,,,white,irish,M,Boston MA US,44142 Alysha Neck Suite 950 Barnstable MA 02630 US,,,,,,,,,,,,,,,,
44a892e3-59fd-48e5-8a22-2998bc9a9d0d,07/09/1999,,999-10-9054,S99975314,,,Josephine384,Bartoletti882,,,,white,english,F,Weston MA US,4774 Dennis Walks Chatham MA 02633 US,,,,,,,,,,,,,,,,
8c2bf639-4c85-451a-a194-720f8cf12425,11/09/1978,,999-41-3526,S99955406,FALSE,Mr.,Dawson829,Kassulke631,,,M,white,english,M,Leicester MA US,433 Muller Bypass Apt. 182 Falmouth MA 02541 US,,,,,,,,,,,,,,,,
708cf572-3ca2-4174-81f2-efbe910e9154,16/09/1931,02/06/2010,999-63-3931,S99969486,FALSE,Mr.,Ricky27,Mueller682,,,M,hispanic,puerto_rican,M,East Longmeadow MA US,10043 Altenwerth Cliffs Suite 925 Brewster MA 02631 US,,,,,,,,,,,,,,,,
fff8b19f-b697-4e00-b9e7-d83a37395332,05/02/1978,,999-63-3010,S99968568,FALSE,Mr.,Gilbert415,Moore898,,,M,white,german,M,Westborough MA US,9466 Angelita Lane Dennis MA 02638 US,,,,,,,,,,,,,,,,
e7ca401c-3c34-46fc-9a34-f75029e8f843,15/04/1975,,999-31-2600,S99963015,X69306521X,Mrs.,Dana289,Mann540,,Hauck878,M,white,irish,F,Foxborough MA US,9107 Sipes Passage Bourne MA 02559 US,,,,,,,,,,,,,,,,
b70f0dd1-e7a0-429c-be97-9a053843e490,26/01/1995,,999-16-8926,S99928265,FALSE,Mr.,Howard593,Cassin602,,,,white,italian,M,Carlisle MA US,383 Marcelle Knolls Apt. 260 Falmouth MA 02543 US,,,,,,,,,,,,,,,,
b3cfaf97-08ec-4f1c-9abc-8e93ffaf05c5,19/03/1951,01/07/2013,999-59-2884,S99996272,FALSE,Mr.,Karina620,Donnelly502,,,M,white,american,M,Wakefield MA US,1824 Pacocha Path Dennis MA 02638 US,,,,,,,,,,,,,,,,
0fdfc43e-8ef6-458c-b8f4-f0235d54720f,13/10/1989,,999-46-3013,S99965653,X88741520X,Mr.,Mariana5,Prohaska228,,,M,white,american,M,Boston MA US,815 Heller Station Falmouth MA 02540 US,,,,,,,,,,,,,,,,
31785e55-3c1c-4d8d-940f-c4230bc225c2,10/01/1960,,999-89-7952,S99928038,X98228421X,Mrs.,Andy417,Deckow187,,Sporer804,M,white,irish,F,Essex MA US,5163 Strosin Shoals Falmouth MA 02540 US,,,,,,,,,,,,,,,,
25e55eca-55b3-4927-9292-011cdbf8cb12,16/11/1987,,999-20-4857,S99942236,X95472540X,Mrs.,Savanah949,Stracke175,,Gutmann811,M,white,french_canadian,F,Watertown Town MA US,719 Ruecker Heights Suite 866 Dennis MA 02638 US,,,,,,,,,,,,,,,,
1a7c362e-72f5-4b9a-b350-e3189a81922e,16/10/1923,12/06/1973,999-56-4454,S99966834,X97824543X,Mrs.,Brandon379,Hane728,,Emmerich252,M,white,english,F,Plainville MA US,987 Turner Forest Dennis MA 02638 US,,,,,,,,,,,,,,,,
9fba7bea-bff4-40f3-89a5-565005186fbb,18/12/1965,,999-74-5090,S99955192,FALSE,Mr.,Gwendolyn51,Metz823,,,M,white,french_canadian,M,Clarksburg MA US,76300 Schultz Inlet Falmouth MA 02541 US,,,,,,,,,,,,,,,,
ccac195c-e6d5-4e41-a520-66a81b781885,27/11/1931,13/03/1981,999-94-1716,S99937100,FALSE,Mr.,Moshe343,Koepp421,,,M,hispanic,puerto_rican,M,Salem MA US,49285 Marvin Parkway Suite 122 Brewster MA 02631 US,,,,,,,,,,,,,,,,
f5a7290d-a427-41b6-addf-f8d49ac08d7a,16/05/1973,,999-19-9013,S99944138,FALSE,Mrs.,Lura250,Walsh695,,Skiles207,M,white,german,F,Arlington MA US,5716 Johnston Pines Falmouth MA 02540 US,,,,,,,,,,,,,,,,
cb6edb99-c34a-4bc7-9e84-09bd67b7b551,28/02/1960,,999-76-2888,S99918337,X43606972X,Ms.,Armani309,Jenkins594,,,S,white,german,F,Hudson MA US,35736 Metz Pines Apt. 547 Barnstable MA 02630 US,,,,,,,,,,,,,,,,
1fb22740-1420-47d2-bd36-9422c224d455,10/06/1957,,999-57-9243,S99969485,FALSE,Mrs.,Brian580,Mohr546,,Morar586,M,white,french_canadian,F,Dennis MA US,7117 Denesik Rue Suite 710 Chatham MA 02633 US,,,,,,,,,,,,,,,,
729f887b-fe56-490c-88a7-0cac707d2734,20/05/1940,,999-45-7363,S99915622,FALSE,Ms.,Emmett605,Gusikowski964,,,S,white,irish,F,Whitman MA US,9571 Jenkins Ville Barnstable MA 02630 US,,,,,,,,,,,,,,,,
de77ea6f-2906-4329-bec3-a527ec168a94,20/07/2004,,999-90-9811,,,,Jade910,Mayert381,,,,white,italian,F,Quincy MA US,89912 Myrtie Pike Suite 917 Falmouth MA 02540 US,,,,,,,,,,,,,,,,
2cc431bb-754a-4e91-a210-34b00d880a2c,21/04/2015,,999-27-7653,,,,Lenore321,Quitzon392,,,,white,irish,M,Cambridge MA US,70977 Leuschke Green Apt. 808 Falmouth MA 02540 US,,,,,,,,,,,,,,,,
efc07aad-cf61-4564-996c-9e34c36dd6e1,05/02/1940,,999-41-6789,S99932134,X78947182X,Ms.,Johnathon159,Schoen119,,,S,white,english,F,Brockton MA US,5601 Micheal Loop Dennis MA 02638 US,,,,,,,,,,,,,,,,
c070d107-2857-47a6-b2a5-b65582fbddd3,11/12/1927,11/01/2004,999-65-1516,S99937879,X33972232X,Mr.,Roger110,Sawayn872,,,M,white,irish,M,Marblehead MA US,2977 Schamberger Drive Apt. 206 Barnstable MA 02630 US,,,,,,,,,,,,,,,,
36656664-b77a-4fb0-bb47-2dec21020fc2,07/05/1947,11/01/2017,999-56-7342,S99995401,FALSE,Mrs.,Archibald145,Ruecker265,,Dickinson336,M,white,french,F,Plymouth MA US,4131 Wisozk Fall Dennis MA 02638 US,,,,,,,,,,,,,,,,
8183bd96-8f67-40e2-b2dc-61e5a5e8cdc2,05/06/1945,09/01/2001,999-91-4138,S99961779,X23893246X,Mrs.,Ofelia494,Hand296,,Cormier933,M,white,german,F,New Bedford MA US,27946 Mandy Streets Falmouth MA 02541 US,,,,,,,,,,,,,,,,
081f343a-4fe4-4dff-8127-a3739782f759,08/07/1948,,999-42-8320,S99968600,X26997997X,Mrs.,Lonnie308,Muller64,,Gorczany993,M,white,polish,F,New Bedford MA US,884 Zieme Summit Falmouth MA 02540 US,,,,,,,,,,,,,,,,
1dd10c1d-9529-4e1f-afc5-af6be42c8439,16/11/1908,23/09/1985,999-70-7504,S99927103,X42646577X,Ms.,Tate267,Goyette587,,,S,white,german,F,Cambridge MA US,338 Bechtelar Pines Suite 931 Barnstable MA 02630 US,,,,,,,,,,,,,,,,
1b31f6f3-8e5d-4239-8762-38768a1c2f08,18/10/1975,,999-98-7102,S99910865,X82241955X,Mrs.,Jarrell667,Padberg25,,Purdy145,M,asian,chinese,F,Sandisfield MA US,1556 Littel Ramp Suite 336 Barnstable MA 02630 US,,,,,,,,,,,,,,,,
990f9721-67b8-40e4-98bc-d3d25401a2cf,14/12/2015,,999-54-5623,,,,Darren103,Bogisich844,,,,white,irish,F,Lowell MA US,1677 Mona Stravenue Suite 871 Barnstable MA 02630 US,,,,,,,,,,,,,,,,
32815d8f-1da7-4296-877d-7864dc982b0e,06/10/1950,13/01/1995,999-54-4135,S99913813,X69273624X,Mrs.,Jaida321,Koelpin39,,Carter849,M,white,english,F,Chicopee MA US,3132 Margaret Terrace Dennis MA 02638 US,,,,,,,,,,,,,,,,
e5f9c53b-93d9-4625-b4b2-5c1a28dd192c,14/09/1950,,999-26-2707,S99979578,FALSE,Mr.,Rosemarie343,Lebsack415,,,M,white,american,M,Charlemont MA US,428 Ryan Knolls Dennis MA 02638 US,,,,,,,,,,,,,,,,
79074263-15ab-47f7-845d-2e619902354c,01/12/1950,,999-63-5370,S99983080,X26902154X,Mr.,Alisa282,Goldner843,,,M,white,french,M,Shrewsbury MA US,17372 Zoey Cove Bourne MA 02559 US,,,,,,,,,,,,,,,,
59fb329f-fd5b-42b9-b651-c5f2516b0b1c,29/04/1970,,999-14-8921,S99914032,FALSE,Mr.,Randal257,Von395,,,S,white,french,M,Boston MA US,334 Wilmer Centers Chatham MA 02633 US,,,,,,,,,,,,,,,,
a05e2f0f-c1bf-47d7-87b6-e4c3f94aa38e,17/03/1964,,999-14-7735,S99914962,X49176258X,Mr.,Cheyanne14,Purdy145,,,M,hispanic,central_american,M,Dunstable MA US,26712 Clarabelle Isle Brewster MA 02631 US,,,,,,,,,,,,,,,,
246a4a40-d2a0-46ef-9f5f-dafcce286535,17/01/1970,,999-87-3495,S99938264,FALSE,Mr.,Justyn804,Anderson350,,,M,white,italian,M,Reading MA US,5180 Gleason Meadows Apt. 959 Falmouth MA 02541 US,,,,,,,,,,,,,,,,
318287df-446b-480c-95fc-9c5c688de8e8,12/07/1947,20/09/1958,999-47-4750,,,,Yadira311,Wolf566,,,,white,italian,M,Amherst MA US,960 Cesar Gardens Chatham MA 02633 US,,,,,,,,,,,,,,,,
2c271860-fc02-4779-b840-628423255ee1,21/06/1958,,999-90-2851,S99972254,X22140406X,Mrs.,Myrna717,Bailey579,,Gusikowski964,M,white,german,F,Boston MA US,366 Tom Ville Barnstable MA 02630 US,,,,,,,,,,,,,,,,
3216dd99-db70-46d0-b30c-c0681eea08c2,13/09/1932,,999-72-6629,S99925522,FALSE,Mrs.,Fern712,Walsh695,,Ankunding471,M,white,italian,F,Brookline MA US,3796 Aufderhar Summit Apt. 128 Falmouth MA 02540 US,,,,,,,,,,,,,,,,
035d0ae3-66c3-4fc2-994f-4b3436b4ea8f,16/03/2016,,999-80-2713,,,,Eve513,Pacocha576,,,,white,italian,F,Dudley MA US,90718 Vena Station Suite 115 Falmouth MA 02541 US,,,,,,,,,,,,,,,,
d009686a-556a-4045-b3c5-7e94ad623704,14/01/1947,30/12/1992,999-43-3057,S99921884,X35986339X,Mrs.,Carey769,Herman911,,Rutherford110,M,white,french,F,Concord MA US,3074 Loy Junction Suite 825 Dennis MA 02638 US,,,,,,,,,,,,,,,,
4814713d-e546-4aa9-b503-b00be223f1dd,22/10/1961,,999-50-3092,S99924791,FALSE,Mrs.,Alycia652,Howe75,,Heaney703,M,white,polish,F,Nahant MA US,4964 Rosalind Village Falmouth MA 02543 US,,,,,,,,,,,,,,,,
293f88ea-2ecf-49b6-9e0b-f04bc54c13dc,02/06/2007,,999-73-5480,,,,Lavonne326,Glover856,,,,white,english,F,North Adams MA US,8371 Windler Mountain Suite 839 Barnstable MA 02630 US,,,,,,,,,,,,,,,,
b572069d-ec2e-4e0d-9605-29c9e383e6cb,18/08/2003,,999-65-2259,,,,Gilbert415,Raynor678,,,,white,irish,M,Holyoke MA US,9990 Hosea Points Falmouth MA 02541 US,,,,,,,,,,,,,,,,
678764bc-d585-4bfa-9863-cea4e76cf5b3,10/05/1924,24/01/2007,999-89-5024,S99953373,X70426724X,Mrs.,Kaitlyn985,Wuckert293,,Tillman389,M,white,english,F,Hawley MA US,949 Hauck Rapids Dennis MA 02638 US,,,,,,,,,,,,,,,,
705bae4f-0f00-458c-969a-53ddf98b8a81,06/09/1994,,999-45-6701,S99958176,FALSE,Ms.,Tressie650,Reichert456,,,,white,french_canadian,F,Natick MA US,811 Doyle Lakes Brewster MA 02631 US,,,,,,,,,,,,,,,,
d2409d3e-a315-4f53-bdae-8100ea6d72cb,26/07/1937,,999-83-5649,S99951817,FALSE,Mrs.,Raphael572,Wolff140,,Lemke797,M,white,scottish,F,Great Barrington MA US,42937 Kirlin Walk Suite 344 Falmouth MA 02543 US,,,,,,,,,,,,,,,,
cdc85daa-e015-4330-8b0f-a3f82303e882,13/03/1950,,999-30-3588,S99955329,X50822176X,Mrs.,Simeon616,Stracke175,,Predovic168,M,white,english,F,Foxborough MA US,455 McGlynn Radial Apt. 120 Barnstable MA 02630 US,,,,,,,,,,,,,,,,
f2901af8-743f-415c-9301-70a8bafdb2f8,18/01/1951,16/08/2007,999-39-8069,S99984675,X53546385X,Mrs.,Duncan772,Flatley743,,Predovic168,M,white,english,F,Worcester MA US,473 Romaguera Pass Dennis MA 02638 US,,,,,,,,,,,,,,,,
b02c2bda-d9b4-493d-8db5-6c6b2ecc0d96,25/02/1928,24/12/2011,999-91-9945,S99957870,X39961452X,Mr.,Helena691,Lowe886,,,M,white,irish,M,Salem MA US,67726 Wolf Way Barnstable MA 02630 US,,,,,,,,,,,,,,,,
7bc9360f-dc37-4f7a-a370-41c9aaea5741,02/05/1935,20/04/2017,999-71-3751,S99934456,FALSE,Mrs.,Kitty633,Lynch576,,Feest50,M,white,irish,F,Lowell MA US,64437 Rippin Neck Barnstable MA 02630 US,,,,,,,,,,,,,,,,
1c7ce92a-13b5-41cc-a94c-376b9f0a153b,22/05/2017,,999-70-1901,,,,Chanelle833,Predovic168,,,,white,english,F,Saugus MA US,13347 Huel Trail Falmouth MA 02541 US,,,,,,,,,,,,,,,,
415ea28d-bc7a-4753-966b-0b7050a7499a,09/06/1926,21/02/2001,999-60-1696,S99960231,X89598046X,Mr.,Quincy85,Sporer804,,,M,white,italian,M,Boston MA US,91774 Bailey Forest Barnstable MA 02630 US,,,,,,,,,,,,,,,,
51f6cc8f-11b4-4bce-b6a3-0f54f31910cc,26/01/1971,,999-13-1818,S99998749,X80340472X,Mr.,Albin130,Koss397,,,M,white,irish,M,Chelsea MA US,40392 Collier Crest Falmouth MA 02541 US,,,,,,,,,,,,,,,,
af100470-ed1a-4939-bc62-4c4aab042f94,10/10/1951,,999-35-3377,S99935015,FALSE,Mrs.,Melba451,McDermott490,,Gerhold521,M,white,italian,F,Framingham MA US,643 Janis Wells Suite 991 Bourne MA 02532 US,,,,,,,,,,,,,,,,
a6119c59-671d-4e1e-a9e5-ed62924a00c7,20/10/1945,,999-77-5676,S99976618,FALSE,Ms.,Jillian729,Berge315,,,S,white,german,F,Weymouth Town MA US,7896 Hahn Flat Falmouth MA 02543 US,,,,,,,,,,,,,,,,
201b26c6-788e-4245-94fb-f26edd35bf52,12/09/1951,,999-39-1164,S99947636,X61019423X,Mr.,Alexandra356,Veum951,,,S,white,german,M,Randolph MA US,32500 Larkin Park Suite 948 Falmouth MA 02541 US,,,,,,,,,,,,,,,,
5f91659d-46e8-4dc5-96b8-7598d6fa9d23,23/06/1976,,999-40-8918,S99925170,X16898672X,Mrs.,Jonas642,O'Reilly368,,Kertzmann752,M,white,portuguese,F,Holden MA US,2899 Adriel Forest Apt. 651 Barnstable MA 02630 US,,,,,,,,,,,,,,,,
90f5bb92-fc4d-4a74-a273-6eafda3410c9,01/04/1909,30/10/1997,999-40-9839,S99955341,FALSE,Mrs.,Curtis635,Monahan893,,O'Keefe574,M,white,german,F,Palmer Town MA US,908 Kristoffer Spurs Apt. 756 Barnstable MA 02630 US,,,,,,,,,,,,,,,,
2679b67e-6d4f-467b-b93b-dfb7e028b441,10/04/1977,,999-40-6001,S99936643,FALSE,Mrs.,Michale848,Kuhlman253,,Harris827,M,white,irish,F,Holyoke MA US,9340 Larson Junction Falmouth MA 02541 US,,,,,,,,,,,,,,,,
93522bb6-4db7-464d-a121-da24f812aceb,20/11/2010,,999-63-9921,,,,Kristy510,Bosco441,,,,white,italian,F,Palmer Town MA US,1743 Al Flats Falmouth MA 02540 US,,,,,,,,,,,,,,,,
983429a1-9bdd-4062-a7b0-96dc22c29e42,18/06/2005,,999-68-2855,,,,Godfrey429,Ratke467,,,,asian,chinese,F,Worcester MA US,8311 Dwight Motorway Suite 692 Falmouth MA 02540 US,,,,,,,,,,,,,,,,
ff1aaeaa-bdbf-487f-9788-604abc03be77,29/09/1977,,999-83-6380,S99956494,X47719814X,Mrs.,Robin774,Bashirian129,,Strosin15,M,white,polish,F,North Andover MA US,8477 Barton Mission Suite 753 Falmouth MA 02543 US,,,,,,,,,,,,,,,,
2e14776e-44de-4f42-b9a4-0ba2ac1e1c11,12/01/1947,14/02/2007,999-62-4962,S99950197,X31405931X,Mrs.,Hector955,Prosacco439,,Keebler235,M,white,french,F,Marshfield MA US,72717 Lueilwitz Road Dennis MA 02638 US,,,,,,,,,,,,,,,,
1187974a-42de-40af-83c1-5f2aac4019c2,25/10/1992,,999-57-2088,S99932445,X77756004X,Ms.,Madelyn275,Cummerata780,,,,white,irish,F,Boston MA US,8944 Ila Gardens Bourne MA 02532 US,,,,,,,,,,,,,,,,
9d66cfe4-3581-44af-9896-7563b20a45c7,05/03/1985,,999-76-9496,S99993307,FALSE,Mr.,Jaunita995,Romaguera219,,,M,white,french,M,Wareham MA US,8496 Viola Manors Suite 659 Falmouth MA 02543 US,,,,,,,,,,,,,,,,
5657f34b-c125-481f-92a4-2cd09c3bebd1,09/09/1928,12/07/1987,999-40-7494,S99963693,FALSE,Mrs.,Burnice18,Schroeder130,,Adams180,M,white,english,F,Middleton MA US,82931 Kitty Islands Apt. 417 Dennis MA 02638 US,,,,,,,,,,,,,,,,
67690f1c-8f89-41d2-8085-55a966c03157,12/05/1997,,999-36-1043,S99939447,X65916814X,Mr.,Harvey961,Schamberger177,,,,white,irish,M,Foxborough MA US,195 Sanford Ford Apt. 893 Falmouth MA 02541 US,,,,,,,,,,,,,,,,
cd00e0f2-12cf-4a2f-b51f-4a7ba7dac47e,25/05/2015,,999-84-9076,,,,Melba451,O'Hara796,,,,white,american,M,Plymouth MA US,852 Payton Isle Suite 469 Falmouth MA 02540 US,,,,,,,,,,,,,,,,
093e6a01-b1e1-4dc7-9a7c-a1e18039a979,02/11/1947,,999-76-7276,S99933179,FALSE,Mr.,Lucy887,Howe75,,,S,white,italian,M,Springfield MA US,8966 Considine Spring Suite 994 Chatham MA 02633 US,,,,,,,,,,,,,,,,
ec565ed9-ee86-40d3-b12b-0927d5b63b5e,04/06/1952,,999-90-2185,S99919572,X17358231X,Mrs.,Madelyn275,Yundt612,,O'Hara796,M,white,english,F,Ludlow MA US,6742 Heidenreich Ridge Dennis MA 02638 US,,,,,,,,,,,,,,,,
82fab0a1-79a0-4b16-8b3e-98ba84cf3f3c,26/09/1935,,999-62-2167,S99972535,FALSE,Mr.,Elisha981,Rodriguez388,,,S,asian,chinese,M,Easton MA US,448 Lola Junctions Brewster MA 02631 US,,,,,,,,,,,,,,,,
5a7cd879-3d7a-464c-b0af-3f1c1fafcd05,07/04/1928,21/10/2008,999-15-1364,S99955158,FALSE,Mr.,Jena192,Schinner228,,,S,white,irish,M,New Bedford MA US,9492 Jada Center Apt. 964 Barnstable MA 02630 US,,,,,,,,,,,,,,,,
8f1c98ba-5e1b-4ceb-bb59-a2fd0a3b76f8,25/08/1968,,999-19-6252,S99998620,FALSE,Mrs.,Kristy510,Spencer391,,Okuneva503,M,white,french_canadian,F,Haverhill MA US,116 Kaylah Camp Falmouth MA 02541 US,,,,,,,,,,,,,,,,
849f31f2-7dfa-41b5-bb89-c792caf3d80a,04/08/1952,,999-51-3792,S99979965,X29851946X,Mrs.,Dane635,Bergnaum210,,Carter849,M,white,american,F,Plymouth MA US,5037 Boyer Shore Apt. 637 Dennis MA 02638 US,,,,,,,,,,,,,,,,
547af735-94dc-495b-94d8-288be548209a,30/08/1950,,999-66-5172,S99921118,FALSE,Mrs.,Vito325,Johns198,,Schimmel523,M,white,english,F,Norwood MA US,49488 Herman Stream Dennis MA 02638 US,,,,,,,,,,,,,,,,
e2c35642-8d7c-45fc-a0b8-f3bf484f72ff,04/01/1927,04/05/2004,999-12-5818,S99939941,X46236891X,Mr.,Julianne444,Little419,,,M,white,italian,M,Bridgewater MA US,27414 Heller Isle Apt. 392 Barnstable MA 02630 US,,,,,,,,,,,,,,,,
cfad8d9b-a6ee-4938-80ab-8f3a0f3c210e,11/04/1957,,999-87-7578,S99931209,FALSE,Mrs.,Johnson303,Stiedemann939,,Leuschke227,M,white,irish,F,Lawrence MA US,1798 Santina Gateway Apt. 438 Barnstable MA 02630 US,,,,,,,,,,,,,,,,
4af62d7c-187f-40e3-865a-e05239c29e9f,01/11/2010,,999-18-3948,,,,Keyon983,Prosacco439,,,,white,irish,M,Wilmington MA US,83936 Austyn Park Apt. 873 Falmouth MA 02543 US,,,,,,,,,,,,,,,,
22c06d26-8f0a-4d54-925d-c9dd3118443f,28/05/1969,,999-27-5248,S99994001,X27162669X,Mrs.,Aleen583,Kozey657,,Howell391,M,white,italian,F,Wilbraham MA US,10067 Jeanette Branch Bourne MA 02559 US,,,,,,,,,,,,,,,,
9c346517-b4ff-4137-af64-0fb3721e4493,11/04/1954,,999-82-9034,S99911793,FALSE,Mrs.,Oswald508,Lakin763,,Rath957,M,white,german,F,Boston MA US,90822 Larson Meadow Suite 510 Falmouth MA 02540 US,,,,,,,,,,,,,,,,
270d0338-9a33-41db-a0fa-34724e352255,24/01/1935,,999-58-7874,S99936998,FALSE,Mrs.,Roma313,Stark492,,Sauer496,M,white,irish,F,Pittsfield MA US,201 Larson Plains Barnstable MA 02630 US,,,,,,,,,,,,,,,,
17147610-4535-4e47-8d82-73b04b2bdeca,02/11/1962,11/04/2014,999-54-6573,S99969126,FALSE,Mrs.,Pierre361,Wiegand160,,O'Hara796,M,white,swedish,F,West Springfield Town MA US,60988 Leif Club Suite 927 Bourne MA 02559 US,,,,,,,,,,,,,,,,
5782f9cb-a45d-4250-9522-4711c8a2c954,25/05/1957,,999-86-9105,S99978359,X75331694X,Mrs.,Jonathan787,Schiller21,,Stiedemann939,M,white,american,F,Boston MA US,8110 Kozey Viaduct Falmouth MA 02540 US,,,,,,,,,,,,,,,,
11eb395f-57e1-4612-8d91-f54d11e3ce76,30/08/1986,,999-64-8412,S99954049,FALSE,Ms.,Bettie21,Weber322,,,S,white,irish,F,Fitchburg MA US,27400 Burnice Ports Brewster MA 02631 US,,,,,,,,,,,,,,,,
3491570b-905d-4baf-899f-18e258e3b337,18/01/1947,,999-64-2929,S99988468,X49408819X,Mrs.,Meaghan70,Will523,,Armstrong275,M,white,french,F,Hancock MA US,977 Meagan Manors Apt. 216 Dennis MA 02638 US,,,,,,,,,,,,,,,,
6ae6340e-0b83-4436-9a6e-4b4cb7fc6f6c,15/06/1924,20/01/1991,999-48-5084,S99936324,FALSE,Mrs.,Neal430,Stanton789,,Leuschke227,M,white,swedish,F,Somerset MA US,70619 Swift River Apt. 177 Chatham MA 02633 US,,,,,,,,,,,,,,,,
55c6be68-9346-48b3-a5df-df83ba371ccf,12/04/1932,,999-83-8480,S99973725,X96494353X,Mrs.,Mable560,O'Conner125,,Schoen119,M,white,german,F,Boston MA US,488 Hermiston Overpass Barnstable MA 02630 US,,,,,,,,,,,,,,,,
f6157b0a-bf33-4280-940f-be1daaa5ae1b,18/04/1986,,999-51-3287,S99910897,X41691833X,Mrs.,Fritz758,Cruickshank782,,Schiller21,M,white,french_canadian,F,Plympton MA US,93273 Amelie Junction Dennis MA 02638 US,,,,,,,,,,,,,,,,
3906ad6e-9491-42c5-82dc-a99213c075f9,21/05/1961,,999-41-3739,S99964046,FALSE,Ms.,Myrtis510,Mohr546,,,S,white,russian,F,Haverhill MA US,73410 Cormier Run Suite 808 Dennis MA 02638 US,,,,,,,,,,,,,,,,
b0fc3873-8efc-49ff-b0a5-e03c36d01e65,14/03/2005,,999-69-1982,,,,Caroline624,Roob929,,,,white,irish,M,Hopedale MA US,42071 Shanny Roads Bourne MA 02532 US,,,,,,,,,,,,,,,,
56adc286-edf3-47fb-8c0e-83cf100214f5,26/01/2011,,999-43-5589,,,,Jermaine956,Gutmann811,,,,white,polish,F,Boston MA US,3923 Gibson Forks Suite 592 Dennis MA 02638 US,,,,,,,,,,,,,,,,
126ea002-825f-405d-b156-113098e0b593,17/04/2002,,999-32-6252,,,,Liliana975,Feest50,,,,black,african,M,Boston MA US,472 Okuneva Locks Apt. 359 Brewster MA 02631 US,,,,,,,,,,,,,,,,
9bc983f0-f13b-4fef-84be-5542f68b1500,20/07/1966,,999-81-9465,S99940543,FALSE,Mrs.,Gardner331,Wintheiser464,,Ondricka564,M,white,french,F,West Springfield Town MA US,981 Spinka Stream Suite 195 Barnstable MA 02630 US,,,,,,,,,,,,,,,,
bb8372a7-6464-43c3-a987-63d96ad38be3,13/10/2008,,999-65-5561,,,,Rogers573,Morar586,,,,white,french,F,Fairhaven MA US,8676 Nicola Stravenue Brewster MA 02631 US,,,,,,,,,,,,,,,,
40fce0ea-e261-4048-b9a6-1d43346d3806,25/08/1970,,999-74-7361,S99918377,FALSE,Mrs.,Macy425,Strosin15,,Mraz432,M,white,french_canadian,F,Brookline MA US,30870 Francis Neck Falmouth MA 02541 US,,,,,,,,,,,,,,,,
9da9a090-d58b-4b82-b2bf-f1cd162c136f,19/09/1964,,999-44-2995,S99993673,X77982913X,Mr.,Sarai924,McGlynn211,,,M,white,american,M,Framingham MA US,7748 Eileen Keys Suite 918 Barnstable MA 02630 US,,,,,,,,,,,,,,,,
96b4bb13-1f7e-4c69-b115-2ae2058428cf,13/06/1955,26/05/2008,999-80-4167,S99963844,X55135322X,Mrs.,Jeromy285,Morissette909,,Dibbert529,M,white,irish,F,Arlington MA US,74271 Schultz Loop Falmouth MA 02541 US,,,,,,,,,,,,,,,,
25adcf58-ad34-4e3c-9063-f6cabb8fe05d,29/09/1966,,999-94-5437,S99948753,X74426804X,Mrs.,Cayla956,Legros728,,Bode551,M,white,english,F,Hudson MA US,809 Seamus Coves Apt. 240 Bourne MA 02532 US,,,,,,,,,,,,,,,,
67a493c2-962a-4bdb-972f-afe5b8652cf4,09/03/1992,,999-31-6602,S99954727,X37415941X,Ms.,Tia237,Bednar797,,,,white,french,F,Norton MA US,4515 Presley Prairie Dennis MA 02638 US,,,,,,,,,,,,,,,,
336f547b-ef71-4af5-afd7-e695ed47b326,12/06/1928,30/12/2016,999-95-1003,S99919378,FALSE,Mrs.,Alberto511,Kohler54,,Beatty236,M,white,english,F,Cambridge MA US,382 Dominique Fields Dennis MA 02638 US,,,,,,,,,,,,,,,,
3e665354-5bed-406e-a802-8cf1338979c3,02/04/1949,07/10/1989,999-18-5952,S99948800,FALSE,Mrs.,Ilene700,Waters709,,Rogahn469,M,white,portuguese,F,Northampton MA US,6887 Garnet Rest Chatham MA 02633 US,,,,,,,,,,,,,,,,
8ade46be-e8b0-48ad-9660-77145141658f,04/08/1961,,999-21-9616,S99976629,X72524011X,Mrs.,Korbin811,Frami871,,Senger856,M,hispanic,central_american,F,Berkley MA US,167 Herman Station Suite 533 Falmouth MA 02540 US,,,,,,,,,,,,,,,,
97d126a7-0c9b-4980-bef2-dff7fee97ce5,03/11/1943,,999-88-8513,S99928426,X68250016X,Mrs.,Antwon200,Jacobs906,,Reinger879,M,white,american,F,Worcester MA US,8313 Renee Street Suite 233 Dennis MA 02638 US,,,,,,,,,,,,,,,,
eeb59a68-c604-4523-acb9-0a6f3e2ddcbf,09/04/1967,,999-68-4609,S99985178,X16141141X,Mr.,Roscoe324,Cummings800,,,M,white,french_canadian,M,Barnstable Town MA US,2020 Will Turnpike Bourne MA 02559 US,,,,,,,,,,,,,,,,
096aeb73-7f01-49f5-841e-5c7766f6dca9,16/10/1962,,999-85-8725,S99954779,X94312410X,Ms.,Jennyfer180,Hills743,,,S,white,swedish,F,Wareham MA US,916 Funk River Bourne MA 02559 US,,,,,,,,,,,,,,,,
f233f80a-4712-42a9-bea7-34e8ab7ed5f0,04/07/1951,08/11/2006,999-36-6534,S99974993,FALSE,Mrs.,Simone357,Emmerich252,,Stroman864,M,white,german,F,Haverhill MA US,6177 Lynch Mountains Bourne MA 02532 US,,,,,,,,,,,,,,,,
d427e046-e8c4-4138-8717-f3c10069e941,27/07/1926,26/08/2003,999-78-5227,S99948177,FALSE,Mr.,Adriel447,Armstrong275,,,M,white,italian,M,Milford MA US,626 Gail Key Barnstable MA 02630 US,,,,,,,,,,,,,,,,
22544499-ccce-437e-83b5-95b04ea821b9,10/05/1977,,999-89-2246,S99929702,X64750141X,Mr.,Nathaniel62,Weber322,,,M,white,french_canadian,M,Watertown Town MA US,165 Lavon Meadows Brewster MA 02631 US,,,,,,,,,,,,,,,,
f6125e51-4875-4269-b846-5879336295fe,26/02/1928,19/03/2015,999-57-4192,S99987362,X50658027X,Mr.,Gayle297,Lesch922,,,M,white,irish,M,Ashland MA US,867 Zemlak Roads Suite 916 Barnstable MA 02630 US,,,,,,,,,,,,,,,,
df1c8612-5c29-4fd7-aade-37b50faeee48,23/01/1999,,999-58-9784,S99997551,,Ms.,Rita567,Schaden136,,,,white,english,F,Bridgewater MA US,6487 Lorenza Manors Suite 681 Bourne MA 02559 US,,,,,,,,,,,,,,,,
1bbb2178-6e0c-4214-b5ca-d521a6d6cb0c,17/09/2002,,999-91-3072,,,,Isabell884,Brekke994,,,,white,italian,F,Springfield MA US,61093 Jacobs Views Brewster MA 02631 US,,,,,,,,,,,,,,,,
37eb2df0-af3f-44ae-b1d4-e5eb7b16505a,22/01/1947,,999-72-3415,S99956979,FALSE,Mrs.,Constantin983,Skiles207,,Buckridge255,M,white,portuguese,F,Bourne MA US,28215 Lilly Centers Bourne MA 02532 US,,,,,,,,,,,,,,,,
b65f760c-3fed-4897-9e05-d7ce59e29871,10/04/1988,,999-64-2661,S99987609,FALSE,Mrs.,Jan903,Dietrich207,,Abbott509,M,white,american,F,Medford MA US,5045 Zieme Hollow Bourne MA 02532 US,,,,,,,,,,,,,,,,
6fe493e9-c0be-4fa0-9484-e643a5e5b6e9,15/06/1964,,999-49-4899,S99985877,X15037435X,Mr.,Nona312,Kovacek705,,,S,white,irish,M,Worcester MA US,465 Viola Plains Apt. 452 Bourne MA 02532 US,,,,,,,,,,,,,,,,
3052e11c-bd2a-445b-a902-2ae047efc948,28/09/1924,02/05/1999,999-71-1203,S99926047,FALSE,Mrs.,Jeffery1,Graham737,,Hettinger748,M,white,swedish,F,Holyoke MA US,7212 Gibson Ranch Chatham MA 02633 US,,,,,,,,,,,,,,,,
a8972c1b-4fdb-4a7b-82ab-7be128af74ea,18/05/1963,,999-47-2781,S99995354,X86668635X,Ms.,Buford674,Runte265,,,S,white,irish,F,Brockton MA US,2561 Thompson Skyway Suite 240 Barnstable MA 02630 US,,,,,,,,,,,,,,,,
eae68c76-b055-433f-b767-39bea4ef311a,21/10/1917,03/02/1988,999-86-2977,S99970773,X63747247X,Mrs.,Kaylee361,Feest50,,Hand296,M,white,irish,F,Danvers MA US,8736 Balistreri Port Suite 388 Barnstable MA 02630 US,,,,,,,,,,,,,,,,
e87104f9-7f93-4aeb-ac48-d3581da14bec,09/01/1990,,999-34-8076,S99948786,X58664212X,Ms.,Jamal320,Schinner228,,,S,asian,chinese,F,Saugus MA US,7021 Sporer Squares Suite 566 Barnstable MA 02630 US,,,,,,,,,,,,,,,,
af956404-efb4-4863-ba79-692b0292ad80,23/09/1955,,999-88-8481,S99991372,FALSE,Mr.,Allen541,Runolfsdottir352,,,S,white,american,M,North Andover MA US,228 Bednar Park Apt. 592 Dennis MA 02638 US,,,,,,,,,,,,,,,,
ad72aede-1978-49e9-90c7-03e9be558284,01/02/1997,,999-48-8806,S99995285,FALSE,Ms.,Jayson753,Koch570,,,,white,swedish,F,Weymouth Town MA US,8355 Jessyca Lights Suite 777 Brewster MA 02631 US,,,,,,,,,,,,,,,,
ae51d712-64d4-4b75-af0d-561a6fe231a1,29/08/1955,,999-65-9831,S99986658,X14793213X,Mrs.,Gertrude313,McKenzie863,,Veum951,M,white,irish,F,Fall River MA US,41309 Javier Club Falmouth MA 02541 US,,,,,,,,,,,,,,,,
cbdf95af-d5e7-4035-ae8d-b30b845b1741,11/04/1949,,999-69-5524,S99962609,FALSE,Mrs.,Sheila57,Lowe886,,Nikolaus121,M,white,italian,F,Revere MA US,82301 Langosh Squares Apt. 809 Barnstable MA 02630 US,,,,,,,,,,,,,,,,
733be8e5-f7ba-4dca-8ae2-4aac1cb4e7c8,07/01/1965,,999-69-5666,S99973264,FALSE,Mrs.,Dolores27,Donnelly502,,Bednar797,M,white,italian,F,Shrewsbury MA US,7164 DuBuque Tunnel Apt. 184 Barnstable MA 02630 US,,,,,,,,,,,,,,,,
0a7c1e4a-e00f-4b43-b424-8a48e714f13f,07/01/1952,21/09/2006,999-61-7147,S99936401,FALSE,Ms.,Fabian383,Waters709,,,S,white,german,F,Millis MA US,70822 Sidney Stream Bourne MA 02532 US,,,,,,,,,,,,,,,,
83dbaab5-c926-4dbb-92b4-3eaf5d4dcacf,17/07/1993,,999-87-7301,S99980959,X18167507X,Mr.,Alexandria229,Wilkinson801,,,,white,english,M,Sudbury MA US,686 Hermiston Track Barnstable MA 02630 US,,,,,,,,,,,,,,,,
e8da60c5-1e09-49b9-8193-9a7fe74ab0f6,30/04/1940,28/03/2006,999-68-5689,S99959750,X77306566X,Mr.,Drew609,Feest50,,,M,white,swedish,M,Methuen Town MA US,8360 Swift Walks Bourne MA 02532 US,,,,,,,,,,,,,,,,
7321ffd1-673e-44c0-92de-194a2333d871,18/09/1926,23/04/1994,999-56-8320,S99936481,FALSE,Mr.,Audra97,Fisher354,,,M,white,italian,M,Boston MA US,33579 Janet Harbor Apt. 382 Barnstable MA 02630 US,,,,,,,,,,,,,,,,
c5b1c2c2-c9ee-4001-97aa-eb7da753241d,28/08/1928,15/04/2003,999-59-4886,S99923433,FALSE,Mrs.,Greta79,Hahn996,,Kub782,M,white,english,F,Weymouth Town MA US,32131 Eldred Pike Dennis MA 02638 US,,,,,,,,,,,,,,,,
fed44af1-2b63-4c70-b142-bef3fb0ff36c,11/03/1949,25/03/2011,999-34-6634,S99934103,FALSE,Mrs.,Consuelo388,Schneider787,,Tremblay288,M,white,portuguese,F,Salem MA US,59732 Orn River Suite 256 Chatham MA 02633 US,,,,,,,,,,,,,,,,
9cd5c762-ba70-49d7-9430-2ba3ccc5dc35,27/02/1943,,999-96-2447,S99940060,X28097816X,Ms.,Donny683,Donnelly502,,,S,white,english,F,Florida MA US,7000 Gerlach Causeway Bourne MA 02559 US,,,,,,,,,,,,,,,,
7069a1a7-a8f3-4566-87e5-aa767b7625dc,19/09/1994,,999-61-5994,S99949299,FALSE,Ms.,Margie569,Sauer496,,,,white,irish,F,Duxbury MA US,603 Mellie Lodge Chatham MA 02633 US,,,,,,,,,,,,,,,,
2781219e-9a1f-4ed7-89d4-ee691140cfc3,12/10/1956,,999-91-9998,S99996714,X62784460X,Mrs.,Beth648,Gibson528,,Bechtelar324,M,white,french_canadian,F,Arlington MA US,5264 Hahn Way Suite 830 Barnstable MA 02630 US,,,,,,,,,,,,,,,,
907270d0-3434-42fa-a02b-02b6e6f7ff90,02/12/1952,,999-67-9066,S99940272,X79792156X,Mrs.,Aditya420,Ankunding471,,Bins978,M,asian,chinese,F,Lowell MA US,925 Franecki Trafficway Apt. 174 Barnstable MA 02630 US,,,,,,,,,,,,,,,,
1f654c40-534f-4c79-88ce-713cd1d6a1be,11/03/1954,,999-91-5880,S99927874,FALSE,Mrs.,Jakayla490,Rau904,,Sawayn872,M,white,polish,F,Norfolk MA US,2736 Alphonso Station Barnstable MA 02630 US,,,,,,,,,,,,,,,,
ffe72b8c-20bd-4dab-89b4-3a9aca95bb07,03/08/1928,28/11/1969,999-78-6871,S99971452,X22472033X,Mrs.,Colleen870,Yundt612,0a15b603-a323-49b6-9243-150d414ffc9c,,Sawayn872,M,white,1964-03-15english,F,,,Boston MA US,999-84-5433,S99989855,FALSE,Mrs.,Royce288,2428 Jeanne Hills Apt. 561 Dennis MA 02638 USHerman911,,,,,,,,
,Gottlieb72,M,white,french,F,Boston MA US,1888 Sabrina Forks Falmouth MA 02543 US,,,,,,,,,,,,,,,,,,,,,,,,,
c66162fc-7c34-4f16-a8cc-e77950aba9fb,25/07/1999,05/12/1999,999-97-9848,,,,Bret906,White184,,,,white,french,M,Boston MA US,36013 Cartwright Cliffs Brewster MA 02631 US,,,,,,,,,,,,,,,,
884958d8-c917-424a-a5ec-0a5b1069d9ce,19/06/1946,,999-54-1229,S99958174,X38178326X,Mrs.,Darwin506,Lehner444,,Goldner843,M,white,russian,F,Brockton MA US,8211 MacGyver Squares Apt. 752 Bourne MA 02559 US,,,,,,,,,,,,,,,,
13b5e108-72d1-4ef2-97fc-d3848a24d10e,17/12/1924,13/12/2000,999-80-9716,S99946694,X84983635X,Ms.,Virgie883,Tillman389,,,S,white,swedish,F,Lynn MA US,259 Gottlieb Mission Apt. 625 Chatham MA 02633 US,,,,,,,,,,,,,,,,
2297a3d5-d775-4792-8a5a-3764ff2c14b1,05/08/1980,,999-24-5545,S99914413,FALSE,Mrs.,Narciso314,Von395,,Gislason613,M,white,swedish,F,Burlington MA US,4030 Brown Mills Brewster MA 02631 US,,,,,,,,,,,,,,,,
56bcc6ca-d5c2-4def-a19e-173747c412c6,05/06/1956,,999-53-3911,S99911307,X35545896X,Mrs.,Connor610,Grant175,,Willms697,M,white,portuguese,F,Peabody MA US,2708 Teresa Freeway Brewster MA 02631 US,,,,,,,,,,,,,,,,
05ebcc83-de37-4131-926c-04e3291fa1ac,06/04/1975,,999-85-6732,S99912714,X79616454X,Mrs.,Carlos269,Bergstrom813,,Stark492,M,white,irish,F,Lynn MA US,886 Dickens Course Brewster MA 02631 US,,,,,,,,,,,,,,,,
78b91120-65a3-420d-b358-28a5c7e8c1dd,15/01/2017,,999-33-2545,,,,Victor385,Schuster993,,,,white,italian,F,Newton MA US,74132 Carolina Walks Dennis MA 02638 US,,,,,,,,,,,,,,,,
78dfdb08-9a16-41ed-ab91-0ca5addc7dd7,01/06/1975,,999-73-3459,S99917608,X28567597X,Mr.,Ibrahim667,Kozey657,,,M,white,portuguese,M,Worcester MA US,6707 Quigley Mountain Brewster MA 02631 US,,,,,,,,,,,,,,,,
db9c92f4-4a81-453f-913b-20d176b5fe98,28/07/1952,,999-98-9791,S99914502,FALSE,Mrs.,Matilde658,Brown474,,Kreiger23,M,white,irish,F,Rutland MA US,1325 Haylee Village Falmouth MA 02540 US,,,,,,,,,,,,,,,,
7da4add0-87f2-41b6-8ba6-56a080660c91,14/04/1941,,999-77-5225,S99970943,X34307486X,Ms.,Jarod785,Leuschke227,,,S,asian,chinese,F,Weymouth Town MA US,4535 Mina Locks Dennis MA 02638 US,,,,,,,,,,,,,,,,
49918722-3e00-4748-9dd3-03a46c55bae3,16/08/2000,,999-52-7849,S99952886,,,Elaina341,Reinger879,,,,white,english,F,Boston MA US,606 Gerhard Village Apt. 720 Bourne MA 02532 US,,,,,,,,,,,,,,,,
81dc63bd-21f2-4950-a9dc-5a93fa5bc29e,11/09/2008,,999-52-3131,,,,Abigale135,Wolf566,,,,white,italian,F,Boston MA US,4210 Destiney Curve Suite 329 Dennis MA 02638 US,,,,,,,,,,,,,,,,
78505449-c2d3-4322-a8ff-bd7434a5d056,06/08/1939,14/06/2003,999-84-9573,S99945484,FALSE,Mr.,Adell734,Durgan203,,,M,white,swedish,M,Clinton MA US,227 Rau Well Suite 156 Bourne MA 02532 US,,,,,,,,,,,,,,,,
1ed4eeca-acb2-42ff-9d1a-4b5215c5a115,14/10/1917,08/04/2001,999-83-7825,S99996064,X25332838X,Mrs.,Pascale883,Zemlak802,,Wehner221,M,white,irish,F,Brookline MA US,285 Koss Ways Apt. 985 Barnstable MA 02630 US,,,,,,,,,,,,,,,,
0eb51bbe-2fca-43fd-a2cc-41620052913c,11/03/2000,,999-47-1797,S99993172,,,Blair308,Hessel662,,,,white,french,M,Woburn MA US,3840 Leannon Vista Apt. 520 Brewster MA 02631 US,,,,,,,,,,,,,,,,
66d3f8d7-125b-4ea6-9e75-972d84a2f1b7,07/09/2010,,999-64-3547,,,,Ottis453,Stokes935,,,,white,english,M,Worcester MA US,91750 West Spurs Dennis MA 02638 US,,,,,,,,,,,,,,,,
625cc1ff-fec2-4b27-be42-d75106b3385c,28/06/1988,,999-79-1841,S99916727,FALSE,Ms.,Jed372,Bernier680,,,S,white,french,F,Boston MA US,18109 Myrl Burgs Suite 818 Brewster MA 02631 US,,,,,,,,,,,,,,,,
b972b9a5-ae6e-4808-bebb-ad43494153d2,21/04/1952,,999-41-3469,S99919661,FALSE,Ms.,Brook423,Aufderhar983,,,S,white,german,F,Auburn MA US,34172 Balistreri Knolls Suite 982 Bourne MA 02559 US,,,,,,,,,,,,,,,,
58171108-e61e-4e97-8704-18b77435495f,13/04/1949,,999-83-5408,S99927275,FALSE,Mrs.,Margarete478,Ward255,,Larson691,M,white,portuguese,F,Sunderland MA US,192 Kuhic Garden Chatham MA 02633 US,,,,,,,,,,,,,,,,
0a6e66b9-aef5-40b5-8e48-818f7318c066,09/08/1989,,999-17-4270,S99952067,FALSE,Mr.,Kirstin300,Reichert456,,,M,white,portuguese,M,Barnstable Town MA US,3510 Ward Center Apt. 549 Brewster MA 02631 US,,,,,,,,,,,,,,,,
3621baeb-fe3e-4e9b-afa0-884c8673c035,12/12/1989,,999-18-7611,S99957606,X46393770X,Mr.,Lucy887,Auer76,,,M,white,irish,M,Upton MA US,5492 Chanelle Center Bourne MA 02532 US,,,,,,,,,,,,,,,,
e0f771f7-bca6-4366-beb6-77a51659cd43,07/10/1926,,999-23-7492,S99949430,X29347991X,Mr.,Chad648,Goyette587,,,M,white,italian,M,Attleboro MA US,969 Little Landing Apt. 420 Barnstable MA 02630 US,,,,,,,,,,,,,,,,
bd1ccc18-d620-41a1-b879-f4dbe84b7105,18/11/2008,,999-68-7943,,,,Skylar389,Hegmann501,,,,white,irish,M,Reading MA US,52788 Kaya Mount Brewster MA 02631 US,,,,,,,,,,,,,,,,
9f018980-fa14-4891-b386-22c6ec384a0d,16/07/1940,16/09/2005,999-18-5861,S99942563,FALSE,Mr.,Anita76,Upton832,,,M,white,irish,M,New Bedford MA US,9634 Gayle Prairie Bourne MA 02559 US,,,,,,,,,,,,,,,,
b260f4df-d607-4711-a81a-bf622c4f5264,03/01/1939,13/11/2007,999-29-2806,S99949227,FALSE,Mrs.,Raphaelle501,Blanda20,,Weimann43,M,white,american,F,Newton MA US,282 Bartoletti Vista Dennis MA 02638 US,,,,,,,,,,,,,,,,
b026d0b5-7214-4c4c-b7cb-9f35f75cabfe,11/08/1917,20/09/1952,999-99-7525,S99967045,FALSE,Mrs.,Mallie953,Gerhold521,,Little419,M,white,irish,F,Boston MA US,66184 Gulgowski Avenue Barnstable MA 02630 US,,,,,,,,,,,,,,,,
f864539e-c6a5-429a-b91a-c883d69573ef,15/01/1959,,999-88-2859,S99971616,FALSE,Mrs.,Lizzie830,Murazik235,,Powlowski414,M,white,french,F,Duxbury MA US,15696 Anya Row Brewster MA 02631 US,,,,,,,,,,,,,,,,
e860c366-a76a-4f72-ab28-c92e793fe2d3,12/08/1928,11/04/1984,999-31-6825,S99958485,X13694535X,Mrs.,Westley543,Pacocha576,,Lang840,M,white,english,F,Boston MA US,771 Albin Estates Suite 779 Dennis MA 02638 US,,,,,,,,,,,,,,,,
6ff7f1f1-eb96-4ba2-90bc-4dcc933e9dd8,06/05/1960,,999-78-2238,S99946721,FALSE,Mr.,Wyatt463,Reynolds922,,,M,white,italian,M,Adams MA US,9300 Kirlin Branch Suite 224 Falmouth MA 02541 US,,,,,,,,,,,,,,,,
07cf28ea-e291-46ba-93cf-3e5b29581bf8,10/06/1944,,999-78-3835,S99920371,X43310628X,Mrs.,Shyann462,Bergstrom813,,Bahringer198,M,white,french,F,Yarmouth MA US,51536 Wilderman Unions Barnstable MA 02630 US,,,,,,,,,,,,,,,,
d0794e15-4242-48f3-99d3-db892b635d04,14/10/1924,29/11/1988,999-57-9512,S99925655,FALSE,Mrs.,Ubaldo335,Walsh695,,Olson743,M,white,swedish,F,Westfield MA US,63703 Jones Common Suite 586 Chatham MA 02633 US,,,,,,,,,,,,,,,,
07956d34-cb96-4172-9550-622c2f0ab208,21/10/2002,,999-80-6373,,,,Prudence454,Huels628,,,,white,italian,F,Lakeville MA US,7374 Watson Court Brewster MA 02631 US,,,,,,,,,,,,,,,,
2256696b-7a33-4094-9556-fc3fcf7278e8,18/01/1950,,999-10-5720,S99981030,FALSE,Mr.,Pete345,Barrows37,,,M,white,irish,M,Boston MA US,100 Dedrick Cliff Dennis MA 02638 US,,,,,,,,,,,,,,,,
a73e75f6-eb1d-4f6f-9406-b262eea3f8b9,19/09/1980,,999-16-5911,S99921407,FALSE,Mrs.,Tre458,Stark492,,Thompson901,M,black,dominican,F,Wakefield MA US,469 Juston Ramp Suite 379 Brewster MA 02631 US,,,,,,,,,,,,,,,,
0d84d022-47d5-4c18-9745-adead55dec41,14/04/1940,20/01/2008,999-41-2144,S99960124,FALSE,Mr.,Sylvester691,Heidenreich612,,,S,white,swedish,M,Malden MA US,481 Berge Crescent Bourne MA 02559 US,,,,,,,,,,,,,,,,
db7992ab-5211-40c2-b20a-70eebebadc92,05/05/1937,,999-43-1648,S99911154,X32230379X,Mr.,Guadalupe565,Dach132,,,M,white,irish,M,Boston MA US,8148 Schmitt Flats Dennis MA 02638 US,,,,,,,,,,,,,,,,
00346552-c891-4e23-a2d7-55612017f749,27/06/1938,07/03/2016,999-34-1047,S99999583,X41610033X,Mrs.,Mckenna208,Wunsch254,,Tromp639,M,white,english,F,Springfield MA US,576 Welch Mountains Bourne MA 02559 US,,,,,,,,,,,,,,,,
aea134bd-9f8d-4610-8e1e-c525c911865b,14/07/1972,,999-15-9807,S99997302,FALSE,Ms.,Willy910,Franecki287,,,S,white,german,F,Southampton MA US,151 Shaylee Field Brewster MA 02631 US,,,,,,,,,,,,,,,,
33091d42-1afa-44da-81b1-3f5d43017bb9,19/03/1978,,999-67-9978,S99948074,X19261573X,Ms.,Cleora642,Altenwerth673,,,S,white,english,F,Concord MA US,1383 Krajcik Knolls Bourne MA 02559 US,,,,,,,,,,,,,,,,
ac36746a-465a-42d3-a31e-3e8febd2baff,16/05/1965,,999-54-8821,S99967002,X12521351X,Mr.,Jermain813,Hand296,,,M,white,french,M,Worcester MA US,14624 Moore Courts Apt. 288 Brewster MA 02631 US,,,,,,,,,,,,,,,,
a4edc738-abf4-439d-a2c8-9744d47ea29d,06/05/1963,,999-93-3934,S99995696,X42909993X,Mrs.,Ted635,Jakubowski657,,Barrows37,M,asian,chinese,F,Lynn MA US,5393 Rebeka Court Brewster MA 02631 US,,,,,,,,,,,,,,,,
0bddada0-b7f7-404d-a89d-beda17c54fc5,05/04/2014,,999-66-7322,,,,Annetta529,Mayert381,,,,white,german,F,Cambridge MA US,4769 Brandi Wells Barnstable MA 02630 US,,,,,,,,,,,,,,,,
2f98005d-a73d-4545-b9da-de790f2879a9,21/06/1998,,999-22-1054,S99952349,,Mr.,Trey681,Kozey657,,,,white,german,M,Walpole MA US,20859 Dagmar Spur Suite 917 Dennis MA 02638 US,,,,,,,,,,,,,,,,
46d97224-55db-4ba9-ba7f-978314d33960,16/10/1942,04/06/2005,999-62-5585,S99941978,X85125336X,Mr.,Ward255,Kuhlman253,,,M,white,polish,M,Hopkinton MA US,83303 Johathan River Brewster MA 02631 US,,,,,,,,,,,,,,,,
dccff236-48ca-4e36-bac3-98aa16cbd49f,06/03/1990,,999-63-4212,S99997040,FALSE,Mrs.,Johnson303,Jones74,,O'Conner125,M,white,irish,F,Haverhill MA US,96222 Kautzer Spring Brewster MA 02631 US,,,,,,,,,,,,,,,,
bc13a754-814c-40d7-8887-1bcd2549383b,01/06/1974,,999-34-5541,S99960943,FALSE,Mrs.,Lonie212,Becker694,,Connelly0,M,white,irish,F,Clinton MA US,85943 Elinor Inlet Bourne MA 02559 US,,,,,,,,,,,,,,,,
5ed82a57-eb08-4f62-bd90-b632514bec0d,27/11/1966,,999-34-7244,S99928644,X68307077X,Mr.,Fabian383,Kuvalis245,,,S,white,irish,M,Methuen Town MA US,470 Lauretta Inlet Suite 347 Falmouth MA 02540 US,,,,,,,,,,,,,,,,
8b255ad0-ae32-4eca-a782-82aa0252174f,27/11/1939,10/10/1997,999-21-5440,S99952203,FALSE,Mr.,Rene974,Schuster993,,,M,white,irish,M,Milton MA US,8133 Rae Junction Barnstable MA 02630 US,,,,,,,,,,,,,,,,
76d6daa8-8135-48f3-a186-6bc0272db4fd,25/03/1996,,999-48-1101,S99920689,X90699396X,Mr.,Elenora317,Emard123,,,,white,english,M,Mansfield MA US,997 Simonis Parkway Suite 416 Barnstable MA 02630 US,,,,,,,,,,,,,,,,
22f40071-bb20-418e-82f0-8d21bda331b2,20/05/1985,,999-36-3787,S99987563,FALSE,Mr.,Vita344,Daniel706,,,M,white,italian,M,Boston MA US,518 Gillian Hollow Suite 436 Barnstable MA 02630 US,,,,,,,,,,,,,,,,
cceae039-f92d-49e6-8e98-77dbf95b7ee8,03/09/1987,,999-90-4092,S99917639,X79237412X,Ms.,Harrison564,Veum951,,,S,white,polish,F,Boston MA US,132 Osvaldo Loaf Barnstable MA 02630 US,,,,,,,,,,,,,,,,
023efcfd-607a-487e-bae9-0274febf94f0,17/07/1944,15/09/1997,999-82-2293,S99911859,FALSE,Mr.,Maryjane744,Douglas750,,,M,white,italian,M,Holliston MA US,64582 Vanessa Greens Dennis MA 02638 US,,,,,,,,,,,,,,,,
3f9b17d0-f072-4e26-ac7e-d04b525075ad,08/09/1993,,999-49-7665,S99970964,X42521911X,Mr.,Erich996,Zulauf284,,,,hispanic,puerto_rican,M,Duxbury MA US,568 Hermann Lake Suite 589 Dennis MA 02638 US,,,,,,,,,,,,,,,,
eaa218d1-1373-4d6d-b492-e87599568eb3,28/11/1917,04/02/1981,999-18-3060,S99916089,X44415329X,Mrs.,Kory58,Tremblay288,,Rogahn469,M,white,irish,F,Boston MA US,401 Corwin Ford Suite 323 Barnstable MA 02630 US,,,,,,,,,,,,,,,,
01ba7786-5210-4d54-baa4-062266c353ff,17/07/1940,,999-27-3129,S99989438,FALSE,Mr.,Opal556,Hartmann887,,,M,white,irish,M,Barnstable Town MA US,788 Angelo Drives Suite 204 Bourne MA 02532 US,,,,,,,,,,,,,,,,
665daec5-4413-4167-977a-960bf4fd7d19,26/08/1924,22/03/1980,999-39-2354,S99939654,X96396242X,Mrs.,Quincy85,Shields195,,Windler822,M,white,swedish,F,Leominster MA US,99328 Carol Creek Apt. 997 Chatham MA 02633 US,,,,,,,,,,,,,,,,
48fed387-920c-40b3-8d75-129b632a5cc3,14/10/1997,,999-52-9933,S99948582,,Mr.,Yasmine418,Nitzsche806,,,,white,irish,M,Northampton MA US,95802 Rolfson Shoals Suite 995 Falmouth MA 02543 US,,,,,,,,,,,,,,,,
fc1246ab-9220-47f0-aabf-7bc16dee3f73,20/12/1986,,999-26-2814,S99935585,FALSE,Mrs.,Zane810,Thompson901,,Kling953,M,black,african,F,West Boylston MA US,16008 Carroll Rue Falmouth MA 02543 US,,,,,,,,,,,,,,,,
e15f6868-8340-4138-b8d4-42acd78f9903,15/10/1938,,999-79-2402,S99987534,X49093652X,Mrs.,Dangelo629,Simonis652,,Hansen74,M,white,american,F,Bridgewater MA US,4884 Ebert Dam Dennis MA 02638 US,,,,,,,,,,,,,,,,
92e1d473-bee6-4c8f-a248-2f5db4a10453,02/06/1985,,999-20-2029,S99921033,X76102556X,Ms.,Nia277,Bogisich844,,,S,white,irish,F,Lawrence MA US,4785 Jenkins Mission Suite 478 Brewster MA 02631 US,,,,,,,,,,,,,,,,
8957e292-0f4a-42bd-a930-e20ee24f3bbc,14/09/1949,21/12/2007,999-29-2030,S99960997,X39767747X,Mrs.,Nat970,Jakubowski657,,Harber282,M,white,english,F,Framingham MA US,51765 Elmira Plain Barnstable MA 02630 US,,,,,,,,,,,,,,,,
ae1b8ee1-2bd1-48ef-bb1a-8e1f3bb2eef2,15/03/1940,24/06/2016,999-35-8682,S99924475,X64921889X,Mr.,Garret531,Flatley743,,,M,white,swedish,M,Boston MA US,330 Hettinger Expressway Apt. 516 Bourne MA 02559 US,,,,,,,,,,,,,,,,
fd07c362-91de-4309-9aef-e64d2c89c2f3,18/11/1962,,999-17-6777,S99954938,FALSE,Mr.,Maryam198,Kunde709,,,S,white,italian,M,Dracut MA US,23135 Jerde Cape Bourne MA 02532 US,,,,,,,,,,,,,,,,
b615239a-1a35-42a5-a488-0bf7eff97022,14/06/1967,,999-16-7780,S99910394,X76572614X,Mrs.,Haylee220,Kovacek705,,Wyman650,M,hispanic,puerto_rican,F,Brookline MA US,82233 Johnathon Bypass Apt. 470 Brewster MA 02631 US,,,,,,,,,,,,,,,,
f4d34631-3b72-4263-8302-a8d50c4be4b8,17/10/1995,,999-79-5515,S99974331,FALSE,Ms.,Angelica964,Wehner221,,,,white,italian,F,Lynn MA US,27983 Harrison Passage Apt. 886 Falmouth MA 02543 US,,,,,,,,,,,,,,,,
3eb195c8-766e-4316-b5ab-00b4104874c3,22/05/1957,,999-97-9536,S99971090,X25878882X,Mrs.,Akeem905,Simonis652,,Ullrich303,M,white,italian,F,Concord MA US,490 DuBuque Extensions Barnstable MA 02630 US,,,,,,,,,,,,,,,,
96f3edba-75ea-4864-a601-f6aed3816bd9,14/04/2013,,999-71-8774,,,,Rosina425,Goodwin263,,,,white,irish,M,Revere MA US,992 Jack Point Apt. 926 Brewster MA 02631 US,,,,,,,,,,,,,,,,
a7ba11ec-ef85-472d-87cc-eaf7649b3d76,09/02/1939,,999-12-2199,S99993430,FALSE,Mrs.,Ned932,McCullough226,,Williamson583,M,white,english,F,Shrewsbury MA US,4883 Mayert Union Suite 387 Bourne MA 02532 US,,,,,,,,,,,,,,,,
63868489-b6f3-4ef9-bd31-c227e5026363,19/12/1942,,999-49-6642,S99921838,X55782456X,Mr.,Glennie166,Hartmann887,,,M,white,polish,M,Greenfield Town MA US,98649 Laura Inlet Brewster MA 02631 US,,,,,,,,,,,,,,,,
28b5c443-81f4-4526-bcee-c65dfe8f5267,10/08/1944,28/10/1999,999-93-4734,S99927722,X16039439X,Mr.,Xander548,Bartoletti882,,,M,white,english,M,Wayland MA US,6034 Roberts Land Apt. 559 Dennis MA 02638 US,,,,,,,,,,,,,,,,
bf67002f-89b5-4ae9-ae54-bee08af9b900,05/11/1939,13/11/2005,999-35-9129,S99997663,FALSE,Mr.,Lavern389,Schmidt882,,,M,white,irish,M,Andover MA US,542 Wisoky Underpass Apt. 159 Barnstable MA 02630 US,,,,,,,,,,,,,,,,
bd94cd5a-850e-445c-a988-d768af0df04a,22/08/1969,,999-69-8477,S99912886,X66594161X,Mrs.,Kelsi720,Kihn476,,Powlowski414,M,white,irish,F,Salem MA US,331 Thad Stravenue Apt. 771 Dennis MA 02638 US,,,,,,,,,,,,,,,,
334c6fcc-3d29-4f97-86e2-d68aa871b3af,28/02/1944,25/07/2008,999-70-2924,S99937921,X15355705X,Mrs.,Ciara680,Wintheiser464,,Graham737,M,white,irish,F,Leominster MA US,75460 Pagac Springs Falmouth MA 02541 US,,,,,,,,,,,,,,,,
ccc50eba-bee3-4cf1-85e7-bbd76ac3cd6c,20/12/2016,,999-85-2132,,,,Virginie254,Hilll641,,,,white,irish,F,Peabody MA US,413 Shirley Islands Suite 420 Falmouth MA 02543 US,,,,,,,,,,,,,,,,
e9c58208-f2c1-4658-934d-75abce0d622d,02/11/1995,,999-34-9119,S99951594,X17794031X,Mr.,Tremayne343,Gorczany993,,,,white,american,M,Pittsfield MA US,59037 Boyer Park Falmouth MA 02541 US,,,,,,,,,,,,,,,,
dda8933b-2ff3-48ee-b974-11187720c6c5,22/02/1945,,999-58-5425,S99933858,X42582387X,Mr.,Samanta95,Schmidt882,,,S,white,italian,M,Waltham MA US,9075 Kiarra Light Dennis MA 02638 US,,,,,,,,,,,,,,,,
c7a5fa10-5e32-484c-8b69-32458c51fb14,03/12/1929,23/01/2001,999-89-2852,S99963606,X75538633X,Ms.,Cristina457,Labadie734,,,S,white,swedish,F,Somerville MA US,83115 Ernser Lake Chatham MA 02633 US,,,,,,,,,,,,,,,,
42ae9c97-67ea-48ea-b98f-75c1aedb802b,16/03/1962,,999-55-6159,S99987657,FALSE,Mrs.,Javonte542,Ortiz21,,O'Reilly368,M,white,french,F,Boston MA US,964 Bergnaum Summit Suite 378 Dennis MA 02638 US,,,,,,,,,,,,,,,,
8df4c5f2-e02c-446e-8356-826e00da7cb7,05/12/1962,,999-46-1606,S99982870,FALSE,Mr.,Kaitlyn985,Weimann43,,,M,white,polish,M,Attleboro MA US,52844 Vivian Extensions Apt. 343 Brewster MA 02631 US,,,,,,,,,,,,,,,,
6f67f211-70e8-437d-a1d3-6f16d8c92818,15/09/2011,,999-89-7904,,,,Madison855,Heathcote725,,,,white,irish,M,Amherst MA US,6344 Buster Port Suite 740 Brewster MA 02631 US,,,,,,,,,,,,,,,,
2a74e8b0-b3c9-4170-a18a-22598a59bd6d,29/06/1917,27/08/1989,999-62-7162,S99950706,X53413094X,Mrs.,Raheem335,Carroll658,,Hagenes567,M,white,irish,F,North Reading MA US,3458 Hayes Greens Apt. 337 Barnstable MA 02630 US,,,,,,,,,,,,,,,,
b4e3fbb9-d413-47cf-ba52-84c1ff32746b,21/05/1950,01/12/2002,999-64-6346,S99995751,X50427360X,Mrs.,Billy100,Feeney538,,Kuhn706,M,white,english,F,Lynn MA US,69443 Humberto Trafficway Barnstable MA 02630 US,,,,,,,,,,,,,,,,
7ae481e5-25f3-49f7-bf0b-93e4fef40fac,24/01/1960,,999-60-9683,S99962062,FALSE,Mrs.,Amina429,Little419,,Skiles207,M,white,irish,F,Southwick MA US,37789 Quitzon Village Brewster MA 02631 US,,,,,,,,,,,,,,,,
67e736ff-1d92-4fb8-a396-29909fe673c0,28/02/1973,,999-75-6198,S99922249,X67373103X,Ms.,Jose85,Cummings800,,,S,white,irish,F,Waltham MA US,646 Kuhn Lodge Bourne MA 02532 US,,,,,,,,,,,,,,,,
2d8f1380-ff91-41f4-8715-7de2bf8def6a,20/11/1990,,999-54-7068,S99914651,X46859570X,Mr.,Laney229,Zieme669,,,,white,portuguese,M,Easthampton Town MA US,376 Roberts Point Apt. 542 Brewster MA 02631 US,,,,,,,,,,,,,,,,
5b00e815-29d7-4558-b40e-a4c474cc8ce1,02/03/1947,,999-18-7513,S99994925,FALSE,Mr.,Jamey275,Ernser526,,,M,white,scottish,M,Easthampton Town MA US,5692 Mellie Walk Brewster MA 02631 US,,,,,,,,,,,,,,,,
